Id,log_actual,log_prediction,n_repeats,signed_error,Neighborhood
1,12.27839796,12.20846783,3,-0.06993012795,NAmes
2,11.56172515,11.70040853,3,0.1386833775,NAmes
3,12.05525557,11.982798,3,-0.07245756985,NAmes
4,12.4049276,12.48861816,3,0.08369056108,NAmes
5,12.15425816,12.10363571,3,-0.05062245323,Gilbert
9,12.37370772,12.43258129,3,0.05887357666,StoneBr
10,12.14950759,12.15960742,3,0.01009983522,Gilbert
11,12.07767662,12.04840832,3,-0.02926829403,Gilbert
12,12.12811651,12.08211977,3,-0.04599674407,Gilbert
13,12.10293743,12.0102457,3,-0.09269172545,Gilbert
16,13.1956157,13.08382429,3,-0.1117914127,StoneBr
17,12.0076278,12.25939714,3,0.2517693352,Gilbert
18,12.88520457,12.67712816,3,-0.2080764065,StoneBr
19,11.85652226,11.55517307,3,-0.301349196,Gilbert
20,12.25486757,12.20961761,3,-0.04524996486,NWAmes
23,12.28303832,12.24179432,3,-0.04124399602,Somerst
24,11.9117083,11.92742718,3,0.01571888774,NAmes
25,11.91773036,11.96240932,3,0.044678961,NAmes
26,11.86358938,11.82279643,3,-0.04079294524,NAmes
28,11.6526961,11.48557074,3,-0.1671253585,NAmes
29,12.12269647,12.19262733,3,0.0699308586,NAmes
31,11.56647571,11.45212382,3,-0.1143518929,BrDale
32,11.38510346,11.46114194,3,0.07603848527,BrDale
33,11.75587949,11.861086,3,0.1052065098,NPkVill
34,11.91773036,11.88102216,3,-0.03670819815,NPkVill
35,11.69525536,11.66299848,3,-0.03225687954,NPkVill
36,11.89136875,11.85540694,3,-0.03596180977,NPkVill
39,12.88712953,12.87764023,3,-0.00948930385,NridgHt
40,12.58087921,12.40888706,3,-0.1719921559,NridgHt
41,12.30138737,12.36045084,3,0.05906346566,NridgHt
42,12.52453001,12.57876838,3,0.05423836602,NridgHt
45,13.32392858,13.08542387,3,-0.2385047087,NridgHt
46,12.3194058,12.27125932,3,-0.04814647411,NridgHt
47,13.12236538,13.11220532,3,-0.01016005533,NridgHt
48,12.6760794,12.67968771,3,0.003608314186,NridgHt
49,12.67576685,12.60110002,3,-0.07466682811,NridgHt
50,12.23077014,12.25090236,3,0.02013222719,NridgHt
51,12.07540002,12.04476202,3,-0.03063799894,NridgHt
52,12.20357453,12.11175088,3,-0.09182364805,Gilbert
53,11.98293534,12.02531293,3,0.0423775811,Blmngtn
55,12.12541016,12.12715865,3,0.001748486712,Gilbert
56,12.28535045,12.28872183,3,0.003371380694,Gilbert
57,12.12859207,12.19195699,3,0.06336492363,Gilbert
60,12.71640515,12.67551951,3,-0.04088563721,NoRidge
61,12.77987589,12.69661654,3,-0.08325934987,NoRidge
63,12.69158354,12.70618999,3,0.01460645226,NoRidge
65,12.30592251,12.27182319,3,-0.03409931861,NoRidge
66,12.92391488,12.85027539,3,-0.07363948542,NoRidge
67,12.30818238,12.39276742,3,0.08458503785,Somerst
68,12.22832814,12.19493673,3,-0.0333914105,Somerst
69,12.27932775,12.20140896,3,-0.07791879447,Somerst
70,12.47801017,12.4922376,3,0.01422743419,Somerst
72,12.5117211,12.35119567,3,-0.160525435,Somerst
73,12.35879802,12.3500519,3,-0.008746119915,SawyerW
74,12.10625784,12.17166649,3,0.0654086596,SawyerW
75,12.23077014,12.38106425,3,0.1502941097,SawyerW
80,12.17819258,12.26871963,3,0.09052704274,SawyerW
81,11.93164238,11.86746301,3,-0.06417937155,SawyerW
82,12.04942468,12.02515352,3,-0.02427116779,SawyerW
83,11.11989769,11.45120014,3,0.3313024453,SawyerW
85,11.90497431,11.91273537,3,0.007761056857,Sawyer
86,11.83863282,11.85825895,3,0.01962613005,Sawyer
87,11.71178452,11.67774768,3,-0.03403684065,Sawyer
88,11.79811193,11.76091263,3,-0.03719929128,Sawyer
90,12.03765991,12.18487795,3,0.1472180359,Sawyer
91,12.15478461,12.3476779,3,0.1928932875,NoRidge
92,12.80078251,12.61669138,3,-0.184091128,NoRidge
93,12.56024797,12.56117364,3,0.0009256688059,NoRidge
94,12.46844076,12.36421351,3,-0.1042272432,Somerst
95,12.15478461,12.09216131,3,-0.06262330269,Somerst
98,11.91505836,11.98044217,3,0.06538380456,Somerst
99,11.93164238,11.94151558,3,0.009873197737,Somerst
100,12.31043717,12.43247446,3,0.1220372902,Somerst
102,12.08391066,12.05726222,3,-0.02664843715,Somerst
103,11.95118685,12.02741881,3,0.07623196444,Somerst
104,11.89894268,11.90863774,3,0.009695052687,Somerst
105,12.49843251,12.61307906,3,0.1146465483,Somerst
107,11.95118685,11.98523877,3,0.03405192206,Greens
108,12.2356363,12.16149282,3,-0.0741434845,Greens
109,11.77913617,12.10818167,3,0.3290454992,Sawyer
110,12.34583894,12.32688162,3,-0.01895731641,Somerst
112,12.40287633,12.43143373,3,0.02855739979,NWAmes
113,12.23077014,12.24207372,3,0.01130358522,NWAmes
114,12.26670197,12.20550436,3,-0.06119761756,NWAmes
115,12.1884228,12.13928891,3,-0.0491338915,NWAmes
116,12.19349893,12.06601323,3,-0.1274857011,NWAmes
119,11.8706069,11.95521486,3,0.08460795472,NWAmes
120,11.76718777,11.66071165,3,-0.1064761114,NAmes
121,11.97666577,11.8891858,3,-0.08747997054,NAmes
122,12.09458786,12.0623317,3,-0.0322561612,NAmes
123,11.82262095,11.9316984,3,0.1090774453,NAmes
124,12.1034916,11.96376125,3,-0.1397303511,NAmes
125,11.83138647,11.96329483,3,0.131908365,NAmes
126,11.34924115,12.00651998,3,0.6572788341,NAmes
127,11.86446927,11.83748144,3,-0.02698782653,NAmes
129,12.05815831,11.96712482,3,-0.09103349101,NAmes
131,11.24505909,11.26144875,3,0.01638966051,BrkSide
132,11.75979336,11.72321197,3,-0.03658138192,NAmes
133,11.93819974,12.01476304,3,0.07656330616,NAmes
134,11.79056478,11.83108708,3,0.04052230375,NAmes
136,11.94666052,11.91417963,3,-0.0324808912,NAmes
137,12.10071769,12.41257165,3,0.3118539688,NAmes
138,12.15478461,12.30548167,3,0.1506970522,NAmes
139,11.81303746,11.75909,3,-0.05394746625,NAmes
140,12.27373597,12.32064328,3,0.04690731579,NAmes
141,11.82041752,11.76729854,3,-0.05311897318,NAmes
142,12.01673252,12.09199187,3,0.07525935816,NAmes
143,11.88449592,11.86384142,3,-0.0206544994,NAmes
144,11.90497431,11.81193189,3,-0.09304241968,NAmes
145,11.86358938,11.82626711,3,-0.03732226494,NAmes
146,12.0287446,11.8837248,3,-0.1450198011,NAmes
147,11.59486483,11.77109615,3,0.1762313109,NAmes
149,11.58989577,11.6012652,3,0.01136943502,NAmes
150,11.81303746,11.72903045,3,-0.08400701947,NAmes
151,11.71587447,11.720383,3,0.004508529282,NAmes
152,11.68688718,11.72823826,3,0.04135108379,NAmes
153,11.59911234,11.83836633,3,0.2392539906,NAmes
155,11.58525543,11.5058152,3,-0.07944023017,NAmes
156,11.88380603,11.85592382,3,-0.02788221073,NAmes
157,11.76757544,11.7534751,3,-0.01410033219,NAmes
158,11.48761791,11.82542429,3,0.3378063773,NAmes
159,11.87757552,11.83191574,3,-0.04565978578,OldTown
160,11.99535779,11.99798709,3,0.002629298481,NAmes
161,12.39669714,12.45836331,3,0.06166617174,NAmes
162,11.79056478,11.8109621,3,0.02039732493,NAmes
164,12.01974909,11.72176274,3,-0.2979863509,NAmes
166,11.98293534,11.85665093,3,-0.1262844159,NAmes
167,11.90497431,11.90889151,3,0.003917196998,NAmes
168,12.16525586,12.08237484,3,-0.08288101853,NAmes
169,11.95118685,11.98271711,3,0.03153026719,NAmes
170,11.29478189,11.63436736,3,0.3395854639,OldTown
171,11.47730865,11.41342665,3,-0.0638820032,OldTown
172,11.60368896,11.46565236,3,-0.1380365966,OldTown
173,11.6526961,11.58462326,3,-0.06807284329,OldTown
174,11.8706069,11.92794271,3,0.05733580997,OldTown
175,11.58432477,11.57182935,3,-0.012495421,OldTown
176,11.28979441,11.25408037,3,-0.03571404334,OldTown
177,11.68688718,11.70496452,3,0.01807734339,OldTown
178,11.77529742,11.70619195,3,-0.06910547374,OldTown
180,11.76757544,11.95253171,3,0.184956271,OldTown
181,11.51293546,11.65143466,3,0.1384991977,OldTown
184,11.91839724,12.04663205,3,0.1282348081,OldTown
185,11.84223641,11.75795889,3,-0.08427751756,OldTown
186,12.38839837,12.19056324,3,-0.1978351317,OldTown
187,11.24505909,11.41404591,3,0.1689868173,OldTown
188,11.91639525,11.87189249,3,-0.04450275984,OldTown
189,11.74006901,11.63822908,3,-0.1018399214,OldTown
190,11.71587447,11.76885488,3,0.05298040587,OldTown
191,11.85474765,11.84776164,3,-0.006986015117,OldTown
192,11.76369197,11.86528324,3,0.1015912738,BrkSide
193,12.25248379,12.24269562,3,-0.009788171973,BrkSide
194,11.37367489,11.30055518,3,-0.0731197168,BrkSide
197,11.79056478,11.78189665,3,-0.008668129835,BrkSide
198,11.84869031,11.81506178,3,-0.03362852873,BrkSide
199,11.72723814,11.66247625,3,-0.06476188872,BrkSide
200,11.83791055,11.80935792,3,-0.0285526243,BrkSide
201,11.60368896,11.62111058,3,0.01742162104,OldTown
202,11.84940484,11.88585352,3,0.03644867409,OldTown
203,11.91505836,11.78827779,3,-0.1267805708,OldTown
204,11.98231015,11.92336779,3,-0.05894236579,OldTown
206,11.60824474,11.51586612,3,-0.09237861575,IDOTRR
207,10.91510665,11.10485955,3,0.1897529072,IDOTRR
208,11.84940484,11.90603588,3,0.05663103139,OldTown
209,12.4065656,12.41139009,3,0.004824492093,ClearCr
210,12.06105265,12.08201967,3,0.02096702113,ClearCr
211,11.58525543,11.37322747,3,-0.2120279593,ClearCr
212,11.51293546,11.55182272,3,0.03888725789,SWISU
213,11.4616427,11.50228337,3,0.04064067528,SWISU
214,11.44432537,11.27095507,3,-0.173370305,SWISU
215,11.65182617,11.81379432,3,0.1619681481,SWISU
217,11.82041752,11.63571253,3,-0.1847049925,Sawyer
218,11.82408722,11.72201901,3,-0.1020682074,Sawyer
219,11.78676974,11.82143195,3,0.03466221134,Sawyer
220,11.70767777,12.0333876,3,0.3257098266,Sawyer
221,11.73607702,11.67187245,3,-0.06420457063,Sawyer
222,11.94471437,11.92110809,3,-0.02360628807,Sawyer
223,11.83429132,11.79217403,3,-0.04211728039,Sawyer
224,11.97035664,11.89516738,3,-0.0751892616,Sawyer
226,11.98449662,12.00439472,3,0.01989810032,Sawyer
228,11.97603665,11.97217676,3,-0.003859883622,Sawyer
229,12.70077194,12.5482759,3,-0.1524960345,ClearCr
232,11.75979336,11.79016526,3,0.03037190152,Sawyer
233,12.46844076,12.34635594,3,-0.12208482,ClearCr
234,12.34583894,12.35065839,3,0.004819452797,ClearCr
236,11.32660793,11.39942565,3,0.07281771466,Edwards
237,11.88104171,11.8383156,3,-0.04272610757,Edwards
238,11.76757544,11.80195588,3,0.03438044788,Edwards
239,11.75195024,11.70887869,3,-0.04307154777,Edwards
240,11.75979336,11.88579293,3,0.1259995777,Edwards
241,12.13350733,12.03932574,3,-0.09418158772,Edwards
243,11.6439625,11.63498469,3,-0.00897781416,Edwards
244,11.34924115,11.54204453,3,0.1928033763,Edwards
245,12.08954445,12.04707294,3,-0.04247151172,SawyerW
246,12.50618094,12.38004425,3,-0.1261366895,SawyerW
249,11.89819467,11.95387201,3,0.05567734496,SawyerW
250,12.41044512,12.41972663,3,0.009281516384,CollgCr
251,12.2356363,12.15241033,3,-0.08322597576,CollgCr
252,12.20056249,12.15652678,3,-0.04403571655,CollgCr
253,12.13886924,12.15532727,3,0.01645802714,CollgCr
255,11.83863282,11.86018992,3,0.02155709824,SawyerW
256,11.95118685,11.91406148,3,-0.03712537211,ClearCr
258,12.16003394,12.17376312,3,0.01372917397,CollgCr
259,12.20857451,12.12180712,3,-0.08676738833,CollgCr
260,11.91839724,11.96636181,3,0.047964567,CollgCr
261,11.99381339,11.93229933,3,-0.06151406437,CollgCr
262,11.76135462,11.7513707,3,-0.009983924505,CollgCr
264,12.66980981,12.64211495,3,-0.02769486003,CollgCr
265,12.51356102,12.43177112,3,-0.08178990395,CollgCr
266,12.37581964,12.3198131,3,-0.05600653514,CollgCr
267,12.38839837,12.31977596,3,-0.0686224051,CollgCr
268,12.32341558,12.21701521,3,-0.1064003789,CollgCr
269,11.87583792,11.85267087,3,-0.02316704424,CollgCr
270,11.8706069,11.8481654,3,-0.02244150019,CollgCr
272,12.26905214,12.26320645,3,-0.005845687128,CollgCr
273,12.13081555,12.15428349,3,0.02346793822,CollgCr
274,11.34924115,11.0588259,3,-0.2904152532,Edwards
275,11.95691874,11.56023817,3,-0.3966805656,Edwards
276,11.51293546,11.58686788,3,0.07393241285,Edwards
278,11.06665399,11.57826625,3,0.511612263,Edwards
279,11.73767572,11.80903622,3,0.07136049526,Edwards
280,11.58059346,11.87249033,3,0.2918968684,Edwards
281,11.40757606,11.48397903,3,0.07640296578,Edwards
282,11.84940484,11.79585629,3,-0.05354855648,Edwards
283,11.63515195,11.7236241,3,0.08847215303,Edwards
284,11.28979441,11.26795584,3,-0.0218385753,Edwards
285,11.88104171,11.8954681,3,0.01442639363,Edwards
286,11.55215579,11.67180471,3,0.1196489195,SWISU
287,11.75979336,11.71670306,3,-0.04309029122,SWISU
288,10.97679913,11.14434011,3,0.1675409872,Edwards
289,11.75195024,11.92089862,3,0.1689483764,SWISU
290,11.74404512,11.71258304,3,-0.03146208513,SWISU
291,11.98293534,11.72223313,3,-0.2607022159,SWISU
292,11.51293546,11.59163057,3,0.07869510066,SWISU
293,12.03765991,12.12869497,3,0.09103505968,SWISU
294,12.45877888,12.36670385,3,-0.09207503494,Crawfor
295,12.27839796,12.07334229,3,-0.2050556706,Crawfor
296,12.49313327,12.51827837,3,0.02514509607,Crawfor
297,12.7218888,12.66547991,3,-0.056408881,Crawfor
298,12.22163098,12.23351524,3,0.01188425177,Crawfor
299,12.12811651,12.10821233,3,-0.01990418035,Blueste
300,11.99843943,12.08685474,3,0.08841530311,Blueste
301,12.57418543,12.52134788,3,-0.05283754487,Crawfor
302,11.74006901,11.65878899,3,-0.08128001392,IDOTRR
303,11.31448672,11.00895867,3,-0.3055280483,IDOTRR
304,11.60824474,11.61425944,3,0.006014708588,IDOTRR
305,11.13314272,11.32501485,3,0.1918721284,IDOTRR
307,10.93299982,11.38898684,3,0.4559870205,IDOTRR
308,10.82255443,11.30301456,3,0.4804601289,IDOTRR
309,12.41309088,12.55673742,3,0.1436465389,Crawfor
310,12.44863051,12.42593546,3,-0.0226950553,Mitchel
311,12.15478461,12.04600212,3,-0.1087824968,Mitchel
312,12.21106516,12.25535228,3,0.04428712181,Mitchel
313,12.04297119,11.87344074,3,-0.16953045,Mitchel
314,12.0435596,12.01050784,3,-0.03305175478,Mitchel
315,11.98293534,12.02285412,3,0.03991877898,Timber
316,12.30138737,12.28492782,3,-0.01645954805,Timber
317,12.09950028,12.13977908,3,0.04027879738,Timber
318,12.06681633,11.93706987,3,-0.1297464578,Timber
319,12.50432738,12.46942725,3,-0.03490013174,Timber
320,12.27793274,12.30478627,3,0.0268535338,Timber
321,12.22047345,12.30202405,3,0.08155059506,Timber
323,12.03765991,11.84138959,3,-0.1962703238,Mitchel
324,12.06393864,12.06043333,3,-0.003505315318,Mitchel
326,12.02275659,12.00705867,3,-0.01569792715,Mitchel
327,11.33261389,11.42838621,3,0.09577232769,MeadowV
328,11.69108002,11.73865869,3,0.04757867228,MeadowV
329,11.3504183,11.39980765,3,0.04938935326,MeadowV
330,11.23850178,11.38086001,3,0.1423582295,MeadowV
331,11.23190118,11.29036587,3,0.05846469345,MeadowV
332,11.38794031,11.21955065,3,-0.1683896541,MeadowV
333,11.35628335,11.4007655,3,0.04448214928,MeadowV
334,11.77529742,11.72751118,3,-0.04778623727,Mitchel
335,11.96972353,11.86443678,3,-0.1052867524,Mitchel
336,11.91773036,11.8271352,3,-0.09059515767,Mitchel
337,11.97666577,11.8507576,3,-0.1259081691,Mitchel
338,11.82041752,11.85265536,3,0.03223783831,Mitchel
339,11.98916586,11.86632726,3,-0.1228385999,Mitchel
340,12.56024797,12.58211007,3,0.02186209981,Mitchel
342,11.73206903,11.70378783,3,-0.02828120148,NAmes
343,11.96400745,11.99767764,3,0.03367018204,NAmes
344,12.75130259,12.78854614,3,0.03724354402,NAmes
345,12.15214958,12.13664876,3,-0.01550082511,Gilbert
346,12.50618094,12.53957152,3,0.03339057605,Gilbert
347,12.14950759,12.08330266,3,-0.06620492511,Gilbert
348,12.8413285,12.7523955,3,-0.08893299475,Gilbert
349,12.03469696,12.01552089,3,-0.01917607327,Gilbert
350,12.83468397,12.78879146,3,-0.04589251071,StoneBr
351,12.53537999,12.45921707,3,-0.07616291927,StoneBr
352,12.38839837,12.26791,3,-0.1204883683,StoneBr
353,12.38631287,12.39278555,3,0.00647267856,StoneBr
354,12.08673152,12.05641334,3,-0.03031818,Gilbert
355,12.12811651,12.16871512,3,0.04059860871,Gilbert
356,12.16003394,12.13356135,3,-0.02647259263,Gilbert
357,12.08954445,12.07895618,3,-0.01058826319,Gilbert
358,12.12811651,12.13108473,3,0.00296822271,Gilbert
359,12.10800216,12.09947761,3,-0.008524548873,Gilbert
360,12.01974909,11.93682993,3,-0.08291916013,Gilbert
361,12.08954445,12.04315388,3,-0.04639057137,Gilbert
362,12.06681633,11.9654556,3,-0.1013607298,Gilbert
363,12.06105265,12.02195866,3,-0.03909399171,Gilbert
364,12.32386013,12.32937349,3,0.005513359772,Gilbert
365,12.1034916,12.08516789,3,-0.01832370341,Gilbert
367,13.12603264,12.97228314,3,-0.1537495022,StoneBr
369,12.46844076,12.47975343,3,0.01131267774,StoneBr
370,12.12811651,12.19990423,3,0.07178772553,Gilbert
371,12.46844076,12.46289827,3,-0.005542488817,NWAmes
372,12.10625784,12.03821123,3,-0.06804660622,NWAmes
373,11.32056569,12.08085015,3,0.760284452,NWAmes
375,11.94471437,12.19950561,3,0.2547912346,NWAmes
376,12.20607765,12.07387699,3,-0.1322006522,NWAmes
377,12.42521219,12.43060923,3,0.005397038549,NWAmes
378,12.14153946,12.1976379,3,0.05609843848,NWAmes
379,12.12269647,12.06585117,3,-0.05684530292,NWAmes
380,12.53537999,12.7016544,3,0.1662744114,NWAmes
381,11.96400745,12.06625452,3,0.1022470682,NWAmes
382,11.93164238,11.97197519,3,0.04033281267,NWAmes
385,12.48156573,12.39573771,3,-0.08582802683,Somerst
386,12.30138737,12.31808839,3,0.01670101924,Somerst
387,12.36734505,12.3564949,3,-0.0108501508,Somerst
388,12.26905214,12.20776457,3,-0.06128757362,NWAmes
389,12.0311298,11.95458751,3,-0.07654228658,NWAmes
390,11.97035664,11.92110381,3,-0.0492528323,NWAmes
391,12.01370681,11.90377917,3,-0.1099276464,NWAmes
392,11.97035664,12.10117633,3,0.1308196897,NWAmes
395,11.9576177,11.90772832,3,-0.04988937505,NAmes
396,11.75979336,11.7727379,3,0.01294454095,NAmes
397,11.8706069,11.8614423,3,-0.009164599273,NAmes
398,11.24505909,11.67962878,3,0.4345696885,NAmes
399,11.69941333,11.59263982,3,-0.1067735067,NAmes
400,11.73206903,11.67551223,3,-0.05655679851,NAmes
401,11.48247657,11.6735049,3,0.1910283334,NAmes
403,11.61729449,11.48490977,3,-0.1323847177,BrDale
404,11.73607702,11.68617874,3,-0.04989827778,BrDale
406,11.48247657,11.50770295,3,0.02522638383,BrDale
407,11.67844838,11.60242631,3,-0.07602206555,BrDale
409,11.87583792,11.81841006,3,-0.05742785554,NPkVill
410,11.89136875,11.8608443,3,-0.03052444849,NPkVill
411,11.90834697,11.89482673,3,-0.01352024113,NPkVill
413,11.89819467,11.82850128,3,-0.06969339081,NPkVill
415,11.89819467,11.90547583,3,0.007281165892,NPkVill
417,11.83501621,11.90308663,3,0.06807041614,NPkVill
418,11.76369197,11.72770304,3,-0.03598892496,NPkVill
419,11.51293546,11.62226419,3,0.1093287212,NAmes
420,11.91036512,11.93958107,3,0.02921594382,NAmes
421,12.72932375,12.76991943,3,0.04059567865,NridgHt
422,13.04332233,13.03919936,3,-0.004122975256,NridgHt
423,13.09190623,13.03401147,3,-0.057894759,NridgHt
424,13.22672519,13.13122094,3,-0.09550425781,NridgHt
425,12.69158354,12.69687335,3,0.005289808847,NridgHt
427,12.44230615,12.77095698,3,0.328650834,NridgHt
428,12.89621782,12.88166833,3,-0.01454949294,NridgHt
429,12.7218888,12.77119231,3,0.04930351597,NridgHt
431,12.90634935,12.93644609,3,0.03009673636,NridgHt
432,13.02132905,13.01374402,3,-0.00758502596,NridgHt
433,13.32121588,13.15678888,3,-0.1644269918,NridgHt
434,13.27582925,13.0277037,3,-0.2481255522,NridgHt
435,12.79386209,12.64164445,3,-0.1522176377,NridgHt
436,12.59811811,12.71252813,3,0.1144100153,NridgHt
437,12.92367095,12.85528464,3,-0.06838630742,NridgHt
438,12.4509816,12.52823587,3,0.07725426804,NridgHt
439,12.7218888,12.72635147,3,0.004462670624,NridgHt
440,12.52416631,12.62731284,3,0.1031465274,NridgHt
441,12.61154109,12.61757284,3,0.006031754691,NridgHt
442,12.68850188,12.75068226,3,0.0621803832,NridgHt
444,12.54254845,12.62877944,3,0.08623098823,NridgHt
445,12.55673304,12.62278121,3,0.06604816851,NridgHt
446,12.50432738,12.48040429,3,-0.02392309201,NridgHt
447,12.35952737,12.31292322,3,-0.04660415342,NridgHt
448,12.8642427,12.94700947,3,0.08276677233,NridgHt
449,13.00583181,13.00258344,3,-0.003248365181,NridgHt
450,12.57763965,12.59312753,3,0.01548788372,NridgHt
451,12.45254593,12.42370819,3,-0.02883773521,NridgHt
453,12.18587504,12.20776729,3,0.02189225423,NridgHt
454,12.12541016,12.20426611,3,0.07885595234,NridgHt
455,12.26670197,12.3017794,3,0.03507742207,NridgHt
456,12.34583894,12.2400521,3,-0.1057868357,NridgHt
457,13.22130514,13.15746443,3,-0.0638407073,NridgHt
459,12.6760794,12.70492749,3,0.02884808995,NridgHt
460,12.42320215,12.40414958,3,-0.01905256472,NridgHt
463,12.06105265,12.13252034,3,0.07146768119,NridgHt
464,12.06105265,12.05380033,3,-0.007252319137,NridgHt
465,12.12269647,12.07099271,3,-0.05170376171,Gilbert
466,12.03053403,12.08373819,3,0.05320415746,Gilbert
467,12.06681633,12.10297852,3,0.03616219183,Gilbert
468,12.06681633,12.12615621,3,0.0593398837,Gilbert
469,12.06681633,12.23852317,3,0.1717068454,Blmngtn
471,12.16785663,12.17610168,3,0.008245051991,Blmngtn
472,12.10625784,12.16202571,3,0.05576787835,Blmngtn
473,12.10071769,12.06589489,3,-0.03482279528,Blmngtn
474,11.98418456,12.00241285,3,0.018228293,Blmngtn
475,12.14685859,12.13681744,3,-0.01004114782,Gilbert
476,12.20607765,12.27687888,3,0.0708012344,Gilbert
477,12.0435596,12.05020721,3,0.0066476117,Gilbert
478,12.15214958,12.15312962,3,0.0009800407133,Gilbert
479,12.1232398,12.16754555,3,0.04430575324,Gilbert
480,12.18332077,12.17021346,3,-0.01310731306,Gilbert
481,12.16525586,12.18965794,3,0.02440208392,Gilbert
482,12.08954445,12.13210209,3,0.04255763788,Gilbert
483,12.24289144,12.25257892,3,0.009687481106,NridgHt
484,12.37159132,12.36323573,3,-0.008355591528,Gilbert
485,12.45877888,12.46743208,3,0.008653193621,Gilbert
486,12.4049276,12.30388138,3,-0.1010462198,Gilbert
487,12.02575508,12.03488395,3,0.009128866064,Gilbert
489,12.15478461,12.10878209,3,-0.04600251938,Gilbert
490,11.9576177,12.00799637,3,0.05037867593,Gilbert
492,12.10625784,12.13985595,3,0.03359811977,Gilbert
493,12.27373597,12.35606214,3,0.08232616898,Gilbert
496,12.90669432,12.76231522,3,-0.144379105,NoRidge
498,12.73670384,12.69052655,3,-0.04617728949,NoRidge
499,12.72486942,12.65338124,3,-0.07148817933,NoRidge
500,12.48748888,12.50690361,3,0.01941473575,NoRidge
502,12.46844076,12.63938308,3,0.1709423196,NoRidge
503,12.46844076,12.43556376,3,-0.03287699653,NoRidge
505,12.90420986,12.82734662,3,-0.07686323376,NoRidge
506,12.42118806,12.38879103,3,-0.03239702914,NoRidge
509,12.45877888,12.46598345,3,0.007204564736,Somerst
510,12.56755452,12.46082581,3,-0.1067287066,Somerst
511,12.52634654,12.57983826,3,0.05349172264,Somerst
512,12.40901757,12.38098033,3,-0.028037244,Somerst
513,12.44114872,12.3748667,3,-0.06628201631,Somerst
514,13.05622571,13.05384237,3,-0.002383344698,Somerst
516,12.25486757,12.2627329,3,0.007865328679,Somerst
517,12.24673943,12.13261178,3,-0.114127649,Somerst
520,12.344969,12.23773716,3,-0.1072318385,Somerst
521,12.4292202,12.51575653,3,0.08653633339,Somerst
522,12.82363114,12.75836359,3,-0.06526755066,Somerst
523,12.38212878,12.31779675,3,-0.06433203267,Somerst
524,12.6443308,12.76212208,3,0.1177912803,Somerst
525,12.50618094,12.51935414,3,0.01317319463,Somerst
526,12.43718833,12.46138152,3,0.02419318429,Somerst
527,12.39255636,12.30654395,3,-0.08601240902,Somerst
528,12.48560031,12.47506302,3,-0.01053728651,Somerst
529,12.58108198,12.51876786,3,-0.0623141187,Somerst
530,12.47991311,12.34826703,3,-0.131646081,Somerst
531,12.12811651,12.17572702,3,0.04761051002,Somerst
532,12.36521513,12.35072365,3,-0.01449148395,Somerst
533,12.25009432,12.23309529,3,-0.01699902608,Somerst
537,12.17045065,12.24391729,3,0.07346664491,SawyerW
538,12.22096618,12.41576995,3,0.1948037625,SawyerW
539,12.12757583,12.13757607,3,0.01000024789,SawyerW
540,11.97666577,12.01879951,3,0.04213373748,SawyerW
541,11.86358938,11.77860162,3,-0.08498775438,SawyerW
542,11.93819974,11.96860613,3,0.03040639689,SawyerW
543,12.32049002,12.23503655,3,-0.08545347101,SawyerW
544,12.30138737,12.36853216,3,0.06714478826,SawyerW
545,12.45683525,12.52942869,3,0.07259343529,SawyerW
546,12.14950759,12.17644718,3,0.02693959302,SawyerW
547,12.05234438,12.15459886,3,0.1022544802,SawyerW
550,12.12269647,12.07346897,3,-0.04922750238,SawyerW
552,11.98293534,11.92625413,3,-0.05668121482,SawyerW
555,11.60824474,11.7593568,3,0.1511120619,Sawyer
556,11.81303746,11.75227792,3,-0.06075954337,Sawyer
557,11.85652226,11.77634606,3,-0.08017620086,Sawyer
558,11.71178452,11.6808689,3,-0.03091562467,Sawyer
559,11.72885103,11.75386378,3,0.02501274584,Sawyer
561,11.786009,11.82691819,3,0.04090919683,Sawyer
563,11.71994776,11.6403403,3,-0.07960745977,Sawyer
564,12.52453001,12.66158133,3,0.1370513138,Veenker
567,12.01067193,12.00964797,3,-0.001023954056,Somerst
568,12.06528067,12.01147977,3,-0.05380090626,Somerst
569,12.31043717,12.3078622,3,-0.002574968683,Somerst
570,12.18075997,12.20793856,3,0.02717859273,Somerst
571,12.05815831,11.9837369,3,-0.07442141334,Somerst
572,12.10071769,12.06303856,3,-0.03767912045,Somerst
573,11.9576177,12.07100859,3,0.1133908894,Somerst
574,12.05815831,12.24990078,3,0.1917424687,Somerst
576,12.26198501,12.1758182,3,-0.08616680723,Greens
577,12.39504288,12.29285136,3,-0.1021915271,Veenker
578,12.1034916,12.21756639,3,0.1140747894,Veenker
579,11.91839724,11.94229873,3,0.0239014897,Sawyer
580,11.94471437,11.90754342,3,-0.03717095486,NWAmes
581,12.12811651,11.97477168,3,-0.1533448338,NWAmes
582,12.13216235,12.10112257,3,-0.03103977607,NWAmes
583,12.20607765,12.3456091,3,0.1395314582,NWAmes
584,12.2356363,12.25543387,3,0.01979756835,NWAmes
586,12.45644608,12.32777309,3,-0.1286729842,NWAmes
587,12.19552218,12.15282431,3,-0.04269787402,NWAmes
588,12.00151161,11.91672363,3,-0.08478798771,NWAmes
590,12.34583894,12.38789797,3,0.04205903307,NWAmes
592,12.27022515,12.26943071,3,-0.0007944421475,NWAmes
593,12.3327097,12.27389926,3,-0.05881044507,NWAmes
594,11.77529742,11.6737711,3,-0.1015263215,NAmes
595,11.8706069,11.87409831,3,0.003491407531,NAmes
596,11.67420212,11.74003742,3,0.0658352926,NAmes
599,11.99226661,12.01160442,3,0.01933780484,NWAmes
600,11.86006206,11.72651438,3,-0.1335476875,NAmes
601,11.67844838,11.71118103,3,0.03273265199,NAmes
603,11.84940484,11.86120268,3,0.01179783705,NAmes
606,12.02575508,11.97964198,3,-0.04611310307,NAmes
607,11.93819974,12.02784064,3,0.08964090256,NAmes
608,11.88518533,11.96271459,3,0.07752926311,NAmes
609,11.94471437,11.9170412,3,-0.02767317404,NAmes
610,12.08673152,12.10715612,3,0.02042459631,NAmes
611,11.97035664,12.04671784,3,0.07636119642,NAmes
612,11.73206903,11.84023814,3,0.1081691171,NAmes
613,12.06968575,12.09352962,3,0.02384387146,NAmes
614,11.71178452,11.66810637,3,-0.04367814904,NAmes
615,11.32056569,11.30539522,3,-0.01517047729,BrkSide
616,11.60824474,11.72199677,3,0.1137520297,BrkSide
617,11.91505836,11.96932538,3,0.05426701694,NAmes
618,12.07254697,12.05661968,3,-0.01592729215,NAmes
619,12.02575508,12.02884554,3,0.003090465031,NAmes
621,11.84940484,11.95147851,3,0.102073669,NAmes
622,11.89819467,11.90230624,3,0.004111570089,NAmes
624,12.14153946,12.11395041,3,-0.0275890437,NAmes
629,11.60824474,11.81108955,3,0.2028448148,NAmes
631,11.91839724,11.85362414,3,-0.06477310325,NAmes
632,11.96081768,11.98539271,3,0.02457502715,NAmes
633,12.07824496,12.07683647,3,-0.001408482459,NAmes
634,11.91505836,11.9264538,3,0.01139543732,NAmes
635,11.84223641,11.99720315,3,0.154966745,NAmes
636,11.95118685,11.89172422,3,-0.05946262974,NAmes
638,11.93819974,11.8253958,3,-0.1128039319,NAmes
639,11.87757552,11.76408066,3,-0.1134948649,NAmes
641,11.93819974,11.9393071,3,0.001107367274,NAmes
642,11.81303746,11.82921967,3,0.01618220195,NAmes
643,11.78296024,11.8352577,3,0.05229746106,NAmes
644,11.71994776,11.75768326,3,0.03773550038,NAmes
645,11.74404512,11.71034639,3,-0.03369873295,NAmes
646,11.6526961,11.56253541,3,-0.0901606955,NAmes
649,11.88793824,11.86312175,3,-0.02481649105,NAmes
653,11.7745279,11.74348311,3,-0.03104478921,NAmes
655,11.51193497,11.35028148,3,-0.1616534929,OldTown
656,11.81303746,11.77923877,3,-0.03379869119,OldTown
657,11.9117083,11.89584581,3,-0.01586248864,OldTown
658,11.6439625,11.5762179,3,-0.06774459555,OldTown
659,11.60368896,11.59841531,3,-0.005273650455,OldTown
660,11.73607702,11.70425275,3,-0.03182427065,OldTown
661,11.86990736,11.82605097,3,-0.04385639588,OldTown
662,11.96081768,12.02671183,3,0.06589414803,OldTown
663,10.98530967,10.92291019,3,-0.0623994853,OldTown
664,11.56172515,11.59267384,3,0.0309486861,OldTown
665,11.57120381,11.46122758,3,-0.1099762221,OldTown
667,12.15478461,12.09548444,3,-0.05930017717,NAmes
668,11.94471437,11.97565265,3,0.03093827991,NAmes
669,12.00151161,11.75498689,3,-0.2465247233,NAmes
670,12.20607765,12.06623998,3,-0.1398376693,NAmes
671,11.87409728,11.94837679,3,0.07427950305,NAmes
672,11.81303746,11.79892073,3,-0.01411673412,NAmes
674,11.96718709,12.13166495,3,0.164477865,NAmes
677,11.43928969,11.29160895,3,-0.1476807348,NAmes
678,11.76369197,11.72927631,3,-0.0344156544,NAmes
679,11.40757606,11.39201197,3,-0.01556408803,NAmes
680,11.83501621,11.81742308,3,-0.01759313171,NAmes
681,11.75979336,11.72955034,3,-0.0302430176,NAmes
682,11.84223641,11.76360957,3,-0.07862683262,NAmes
683,11.68604649,11.63146855,3,-0.0545779414,NAmes
684,11.83501621,11.78101008,3,-0.05400612695,NAmes
685,11.79434547,11.86122046,3,0.06687499333,NAmes
686,11.80186425,11.74441507,3,-0.05744917297,NAmes
687,11.81303746,11.80391964,3,-0.009117826371,NAmes
688,11.8827703,11.90986318,3,0.02709287753,NAmes
689,11.88449592,11.88180156,3,-0.002694360196,NAmes
690,11.75195024,11.82086893,3,0.06891868966,NAmes
691,11.60368896,11.56741692,3,-0.03627203924,NAmes
692,11.6526961,11.6601883,3,0.007492195761,OldTown
693,11.60824474,11.6706216,3,0.06237686866,OldTown
694,11.76679995,11.71514519,3,-0.05165475241,OldTown
695,11.54733655,11.80819416,3,0.2608576055,OldTown
696,11.10497226,11.54246528,3,0.4374930174,OldTown
697,11.77529742,11.75629896,3,-0.01899846384,OldTown
698,11.76757544,11.7387,3,-0.02887543388,OldTown
699,11.91839724,11.83970755,3,-0.07868968983,OldTown
700,11.58525543,11.65751449,3,0.07225906465,OldTown
701,11.45689465,11.46907354,3,0.01217889081,OldTown
702,11.73206903,11.69937359,3,-0.03269543346,OldTown
703,11.81303746,11.8477088,3,0.03467133355,OldTown
704,11.54249398,11.50257515,3,-0.03991882929,OldTown
705,11.44036552,11.36063985,3,-0.0797256794,OldTown
707,11.44036552,11.60336287,3,0.162997343,OldTown
708,11.28979441,11.37467722,3,0.08488281098,OldTown
709,10.71443999,10.85594711,3,0.1415071212,OldTown
710,10.54273278,11.18158098,3,0.6388481999,OldTown
711,11.42191702,11.45463112,3,0.03271409575,OldTown
713,11.63515195,11.47286878,3,-0.1622831635,OldTown
714,11.3794055,11.61483603,3,0.2354305286,OldTown
715,11.60824474,11.64184319,3,0.03359845676,OldTown
716,11.57120381,11.71335989,3,0.1421560868,OldTown
717,12.4911764,12.31181344,3,-0.1793629613,OldTown
718,11.98293534,11.85647389,3,-0.1264614534,OldTown
719,11.68688718,11.73298444,3,0.04609726475,OldTown
720,12.03172521,12.14323607,3,0.1115108615,OldTown
721,10.97679913,11.02256524,3,0.04576611518,OldTown
722,11.8706069,11.95397041,3,0.08336350504,OldTown
723,11.3504183,11.48905622,3,0.138637916,OldTown
724,11.7352767,11.87607261,3,0.1407959124,OldTown
725,11.68688718,11.62208975,3,-0.0647974238,OldTown
726,11.89478753,11.94200439,3,0.04721686104,OldTown
727,10.46027076,11.14695578,3,0.6866850185,IDOTRR
728,10.69196764,10.87271744,3,0.1807497958,IDOTRR
729,12.31717117,12.27866351,3,-0.03850765753,BrkSide
730,11.9117083,11.85375619,3,-0.05795211099,BrkSide
731,12.23077014,12.09943521,3,-0.1313349256,BrkSide
733,11.70355409,11.46239132,3,-0.2411627675,BrkSide
734,11.75979336,11.6464503,3,-0.1133430593,BrkSide
735,11.81229646,11.77183211,3,-0.04046434878,BrkSide
736,11.66993776,11.81632243,3,0.1463846717,BrkSide
737,11.79434547,11.75219332,3,-0.04215215587,BrkSide
738,11.44036552,11.55904036,3,0.1186748325,BrkSide
739,11.68688718,11.68714788,3,0.0002607078433,BrkSide
740,11.51293546,11.60389564,3,0.09096017952,BrkSide
741,11.86006206,11.77005693,3,-0.09000513156,BrkSide
742,11.79811193,11.81125929,3,0.01314736541,BrkSide
743,11.00211651,10.78137215,3,-0.2207443578,BrkSide
745,11.6526961,11.61751888,3,-0.03517722665,BrkSide
746,11.91839724,11.7984341,3,-0.1199631397,BrkSide
747,11.74800549,11.67622601,3,-0.07177948334,BrkSide
748,12.27606968,12.04802947,3,-0.2280402074,BrkSide
749,12.0287446,12.12698812,3,0.09824351955,BrkSide
750,11.95118685,11.8629776,3,-0.08820925166,OldTown
751,11.95118685,12.04486654,3,0.09367969048,OldTown
752,12.10016198,11.88145466,3,-0.2187073168,OldTown
753,11.55215579,11.74533961,3,0.1931838205,OldTown
754,11.04293784,11.33496096,3,0.2920231221,OldTown
756,11.54249398,11.44190096,3,-0.1005930132,IDOTRR
757,11.71994776,11.72357887,3,0.003631105438,OldTown
758,11.48761791,11.76560068,3,0.2779827655,OldTown
759,11.81303746,11.72316649,3,-0.08987097049,IDOTRR
760,11.15626481,11.50501549,3,0.3487506854,IDOTRR
761,11.66135409,11.77351498,3,0.1121608896,IDOTRR
762,11.39358997,11.43337007,3,0.0397800908,Sawyer
768,11.05090588,11.36151121,3,0.3106053304,Edwards
769,12.07254697,12.01200819,3,-0.0605387815,Sawyer
770,11.84223641,11.81781274,3,-0.0244236689,Sawyer
771,12.05815831,12.04463029,3,-0.01352802531,Sawyer
772,11.63956693,11.86166277,3,0.2220958431,Sawyer
773,11.77529742,11.78019416,3,0.004896742823,Sawyer
774,11.91773036,11.87547129,3,-0.042259064,Sawyer
775,11.81229646,11.80465839,3,-0.007638064447,Sawyer
776,11.8277435,11.80727502,3,-0.02046848567,Sawyer
778,12.01370681,11.86925953,3,-0.144447279,Sawyer
779,11.90497431,11.98454369,3,0.07956937618,Sawyer
780,12.01370681,12.0159542,3,0.002247385383,ClearCr
781,11.06509029,10.79309689,3,-0.2719934043,Sawyer
782,11.99226661,11.88896046,3,-0.1033061532,ClearCr
783,11.8706069,12.40906916,3,0.5384622542,ClearCr
786,12.15478461,12.17130571,3,0.01652109292,ClearCr
787,11.84654363,11.7728075,3,-0.07373613704,Edwards
788,11.71178452,11.63739901,3,-0.07438551291,Edwards
789,11.75587949,11.92054867,3,0.1646691832,Edwards
790,11.70767777,11.68200823,3,-0.02566954666,Edwards
791,11.00211651,11.57211429,3,0.5699977777,Edwards
792,11.94730839,11.95674643,3,0.009438032235,Edwards
793,11.63515195,11.3462649,3,-0.2888870456,Edwards
794,11.73607702,11.70592623,3,-0.03015078461,Edwards
795,11.33858398,11.24906318,3,-0.08952080048,Edwards
796,11.84582705,11.80762039,3,-0.03820665688,Edwards
797,11.78296024,11.82443645,3,0.04147621785,Edwards
798,11.56172515,11.61859156,3,0.05686640234,Edwards
799,11.58989577,11.57149582,3,-0.0183999455,Edwards
803,12.51319331,12.52496585,3,0.01177253762,SawyerW
804,12.26905214,12.23803073,3,-0.0310214066,SawyerW
805,12.38798162,12.29823221,3,-0.08974940939,SawyerW
806,12.38631287,12.38180579,3,-0.004507078636,SawyerW
807,11.78296024,11.93379596,3,0.1508357209,SawyerW
808,11.68658461,11.65185646,3,-0.03472815055,SawyerW
809,11.94039991,11.85743312,3,-0.08296679751,SawyerW
810,11.90485944,11.79260438,3,-0.112255057,SawyerW
811,11.6856932,11.66690383,3,-0.01878936713,SawyerW
812,11.6856932,11.67513487,3,-0.01055832734,SawyerW
814,11.90716783,11.9049116,3,-0.002256228783,SawyerW
815,11.64152095,11.67435242,3,0.03283147407,SawyerW
816,12.50432738,12.52698768,3,0.0226602962,SawyerW
817,12.50432738,12.48615877,3,-0.018168614,SawyerW
818,12.50432738,12.48816401,3,-0.01616337267,SawyerW
819,12.68622151,12.72650898,3,0.04028746359,CollgCr
820,12.60149078,12.61795252,3,0.01646173656,CollgCr
821,12.59640381,12.53407296,3,-0.06233085052,CollgCr
823,12.38798162,12.36489761,3,-0.02308401011,CollgCr
826,12.38422302,12.55126542,3,0.1670424077,CollgCr
827,12.30138737,12.42295937,3,0.1215719972,CollgCr
828,12.20607765,12.24327206,3,0.03719441173,CollgCr
830,12.17819258,12.18404567,3,0.005853087461,CollgCr
831,12.37581964,12.41863428,3,0.04281464151,CollgCr
832,12.06105265,12.07155735,3,0.01050469435,CollgCr
833,12.52453001,12.43615051,3,-0.08837950223,SawyerW
837,11.8706069,11.89207926,3,0.02147235329,CollgCr
839,12.26434627,12.28102128,3,0.01667500926,CollgCr
841,11.88449592,11.88398044,3,-0.0005154752815,CollgCr
842,11.83501621,11.86252371,3,0.02750749659,CollgCr
843,12.19552218,12.18965189,3,-0.005870297837,CollgCr
845,12.16525586,12.23571295,3,0.07045709062,CollgCr
846,12.20607765,12.18892922,3,-0.01714842823,CollgCr
847,12.18075997,12.14521228,3,-0.03554768218,CollgCr
848,12.3327097,12.27833144,3,-0.05437825889,CollgCr
849,12.34583894,12.29309191,3,-0.05274702339,CollgCr
851,12.22096618,12.243336,3,0.02236981525,CollgCr
852,12.21106516,12.26136635,3,0.05030119134,CollgCr
853,11.72804491,11.69199359,3,-0.03605131956,CollgCr
854,11.84940484,11.76916484,3,-0.08024000767,CollgCr
855,11.81229646,11.79589547,3,-0.01640098016,CollgCr
858,11.87409728,11.94508362,3,0.07098633735,CollgCr
859,11.80186425,11.7971171,3,-0.004747144738,CollgCr
860,11.71994776,11.68341071,3,-0.0365370519,CollgCr
861,11.804856,11.78433376,3,-0.02052223532,CollgCr
862,11.79811193,11.78320803,3,-0.01490389547,CollgCr
863,12.4292202,12.41866994,3,-0.01055025237,CollgCr
865,12.37370772,12.42865434,3,0.05494662313,CollgCr
868,12.19854942,12.16407032,3,-0.03447910065,CollgCr
869,12.25961815,12.23329691,3,-0.02632124379,CollgCr
870,12.30138737,12.40697077,3,0.1055833996,CollgCr
872,12.54076115,12.59305983,3,0.05229867593,CollgCr
873,12.25486757,12.27962735,3,0.0247597781,CollgCr
874,12.29911207,12.3493875,3,0.05027543582,CollgCr
876,12.08954445,12.07966647,3,-0.009877980487,CollgCr
877,12.26905214,12.25861834,3,-0.01043379651,CollgCr
878,11.87757552,11.85831112,3,-0.01926440329,CollgCr
879,11.84940484,11.86059224,3,0.01118739734,CollgCr
880,12.58861366,12.54941894,3,-0.0391947236,CollgCr
882,12.15478461,12.20551204,3,0.05072742336,CollgCr
883,12.06393864,12.07542581,3,0.01148717101,CollgCr
884,12.0435596,12.06312875,3,0.01956915034,CollgCr
885,11.58989577,11.60749098,3,0.01759521823,Edwards
886,12.02575508,12.0080809,3,-0.01767418094,Edwards
887,11.51293546,11.57983967,3,0.0669042023,Edwards
888,12.19854942,12.155738,3,-0.04281141906,Edwards
889,11.97980547,11.90278952,3,-0.07701595163,Edwards
890,11.75195024,11.6814617,3,-0.07048853972,Edwards
891,11.73607702,11.893767,3,0.1576899859,Edwards
892,12.6760794,12.68652782,3,0.01044842005,Edwards
894,11.67844838,11.57303602,3,-0.1054123565,Edwards
895,11.3504183,11.48470093,3,0.1342826332,Edwards
896,11.69525536,11.73310633,3,0.03785097118,Edwards
897,11.49273296,11.28328477,3,-0.2094481929,Edwards
898,11.51193497,11.38293533,3,-0.1289996487,Edwards
900,11.69442168,11.69252492,3,-0.001896758169,Edwards
901,11.54733655,11.82866066,3,0.2813241109,Edwards
902,11.62626308,11.34965187,3,-0.2766112121,Edwards
903,11.60824474,11.83558522,3,0.2273404872,Edwards
904,11.71178452,11.75354785,3,0.04176332737,Edwards
905,11.66993776,11.82225585,3,0.152318089,Edwards
906,11.98293534,11.67515554,3,-0.3077798045,SWISU
907,11.97939159,11.70740143,3,-0.2719901637,SWISU
908,11.00211651,10.9358019,3,-0.06631460991,SWISU
909,11.84582705,11.87677736,3,0.03095030738,SWISU
913,11.90159023,11.96977982,3,0.0681895858,Crawfor
914,11.83102277,11.97849589,3,0.1474731249,SWISU
915,11.95118685,12.01565423,3,0.06446738176,SWISU
916,12.08391066,12.06343858,3,-0.02047207706,Crawfor
917,11.88449592,11.9165273,3,0.03203137808,SWISU
922,11.98293534,11.92504974,3,-0.05788560887,Crawfor
923,11.95118685,11.87544913,3,-0.07573771775,Crawfor
924,12.00457439,11.8627284,3,-0.1418459874,Crawfor
925,11.95054148,11.77914468,3,-0.1713968043,Crawfor
927,11.88311566,11.89991605,3,0.01680038218,Crawfor
928,12.06968575,12.08581373,3,0.01612798093,Crawfor
929,12.17045065,12.16452845,3,-0.005922196901,Crawfor
930,11.97035664,11.942738,3,-0.02761863794,Crawfor
931,11.97351618,12.00919776,3,0.03568158297,Crawfor
932,12.3194058,12.29214996,3,-0.02725583622,Crawfor
933,11.6526961,11.60457395,3,-0.0481221494,Blueste
934,11.8277435,11.81828559,3,-0.009457915927,Blueste
936,11.72804491,11.75813555,3,0.03009064015,Blueste
937,12.24529817,12.27813346,3,0.03283529151,Crawfor
938,12.66033109,12.7051338,3,0.0448027113,Crawfor
940,11.89819467,11.73486137,3,-0.163333299,IDOTRR
943,11.3504183,11.09564932,3,-0.254768985,IDOTRR
946,10.96172913,10.92904259,3,-0.03268654573,IDOTRR
947,12.4332122,12.44653904,3,0.01332683354,Mitchel
948,12.38708918,12.587276,3,0.2001868189,Mitchel
949,12.38839837,12.37574811,3,-0.01265025822,Mitchel
951,11.96049814,11.87270075,3,-0.08779738988,Mitchel
952,12.06105265,12.10560722,3,0.04455456348,Mitchel
953,11.74404512,11.76465745,3,0.02061232975,Mitchel
954,12.06105265,12.10203177,3,0.04097911814,Mitchel
955,11.93164238,12.01566264,3,0.08402025766,Mitchel
956,11.83138647,12.01410444,3,0.1827179671,Timber
957,12.83468397,12.59095194,3,-0.2437320317,Timber
958,12.66191713,12.68820514,3,0.02628801171,Timber
959,12.32163544,12.26209981,3,-0.05953563299,Timber
961,12.66508168,12.72465594,3,0.05957426068,Timber
962,12.21106516,12.31843624,3,0.1073710729,Timber
963,12.07254697,12.11656664,3,0.04401967603,Timber
964,12.22588017,12.35675974,3,0.130879562,Timber
965,12.2713968,12.32827815,3,0.056881355,Timber
966,12.30138737,12.25539298,3,-0.04599438615,Timber
967,12.0435596,12.27061195,3,0.2270523469,Timber
968,12.66033109,12.77194475,3,0.1116136582,Timber
969,12.9598468,12.88189,3,-0.07795679942,Timber
970,11.84582705,11.8191325,3,-0.02669455285,Mitchel
971,11.6526961,11.76152604,3,0.1088299326,Mitchel
972,11.99535779,11.96901814,3,-0.0263396453,Mitchel
973,12.01370681,12.0050295,3,-0.008677310141,Mitchel
974,11.41862577,11.46111739,3,0.04249161185,MeadowV
975,11.77529742,11.67470059,3,-0.100596836,Mitchel
976,11.3621142,11.43816027,3,0.07604606646,MeadowV
977,11.98293534,11.97061723,3,-0.01231811753,Mitchel
978,11.28979441,11.27732404,3,-0.01247036863,MeadowV
980,11.38510346,11.36341387,3,-0.02168958899,MeadowV
981,11.78980692,11.78482045,3,-0.004986466051,Mitchel
982,11.7848668,11.83178854,3,0.0469217453,Mitchel
983,12.01673252,12.00939759,3,-0.007334923691,Mitchel
985,11.9117083,11.86227509,3,-0.04943321098,Mitchel
986,11.8706069,12.06328844,3,0.1926815427,Mitchel
987,11.77529742,11.8481402,3,0.07284277657,Mitchel
990,12.08108182,12.14194624,3,0.06086441982,NAmes
991,12.37792711,12.34218455,3,-0.03574256185,NAmes
992,12.2399957,12.14464999,3,-0.09534571068,NAmes
993,12.14153946,12.08881653,3,-0.05272292684,Gilbert
994,12.01370681,12.02955605,3,0.01584923967,Gilbert
995,12.18332077,12.16141695,3,-0.02190382362,Gilbert
996,12.16525586,12.21728111,3,0.05202524646,Gilbert
997,12.06105265,12.10911327,3,0.04806061675,Gilbert
998,12.08898249,12.07999363,3,-0.008988863097,Gilbert
999,12.07254697,12.19340579,3,0.1208588242,Gilbert
1000,12.56375059,12.55721022,3,-0.006540368329,StoneBr
1001,12.42078475,12.40878192,3,-0.01200283486,StoneBr
1002,12.10071769,12.26356219,3,0.1628445039,StoneBr
1003,12.10071769,12.13416843,3,0.03345074454,StoneBr
1004,12.10625784,12.07689091,3,-0.02936692612,Gilbert
1005,12.1172469,12.07777958,3,-0.03946731845,Gilbert
1006,12.14420256,12.10657658,3,-0.03762597652,Gilbert
1007,12.17819258,12.20663383,3,0.02844124842,Gilbert
1008,12.12811651,12.12574701,3,-0.00236949732,Gilbert
1010,12.14685859,12.28939066,3,0.1425320671,StoneBr
1011,12.77987589,12.74374047,3,-0.03613542004,StoneBr
1012,12.69158354,12.66491181,3,-0.02667173289,StoneBr
1013,12.86618256,12.84282179,3,-0.02336077003,StoneBr
1014,11.6526961,11.86408693,3,0.2113908285,Gilbert
1015,12.71889927,12.69231274,3,-0.02658652175,StoneBr
1016,11.79811193,12.10528918,3,0.3071772523,Gilbert
1018,12.33050464,12.42156529,3,0.09106065003,NWAmes
1019,12.07540002,12.10105649,3,0.0256564676,NWAmes
1020,12.11121786,12.11687801,3,0.005660150628,NWAmes
1021,12.36734505,12.39673229,3,0.02938724143,NWAmes
1022,12.30138737,12.29442709,3,-0.006960278962,NWAmes
1023,12.51356102,12.44442061,3,-0.06914040865,NWAmes
1024,11.98916586,12.03595986,3,0.04679400043,NWAmes
1028,12.58622336,12.61116673,3,0.02494336752,NWAmes
1029,12.10071769,12.07365502,3,-0.02706266842,NWAmes
1031,12.23077014,12.15433305,3,-0.07643708212,NWAmes
1032,11.96400745,11.96299842,3,-0.001009038025,NWAmes
1033,12.63134365,12.61253339,3,-0.01881025494,NWAmes
1034,11.79811193,11.84959187,3,0.0514799457,NAmes
1035,11.92504174,11.98210071,3,0.05705897357,NAmes
1036,11.62536983,11.60240435,3,-0.02296548189,NAmes
1037,11.71994776,11.68195611,3,-0.03799165161,NAmes
1038,11.61954419,11.65988839,3,0.04034420325,NAmes
1039,12.10625784,12.06250969,3,-0.04374814579,NAmes
1040,11.54636991,11.46673842,3,-0.07963149396,BrDale
1041,11.51293546,11.48136541,3,-0.03157005969,BrDale
1042,11.51792296,11.55404747,3,0.03612451252,BrDale
1044,11.35511309,11.47293572,3,0.1178226348,BrDale
1045,11.40200508,11.3655078,3,-0.0364972814,BrDale
1046,11.62402846,11.555283,3,-0.06874546115,BrDale
1047,11.84940484,11.86758758,3,0.01818273071,NPkVill
1048,11.8706069,11.85308759,3,-0.01751931342,NPkVill
1049,11.90834697,11.82525024,3,-0.08309672649,NPkVill
1050,11.60824474,11.61034155,3,0.002096815392,NAmes
1051,12.88567349,12.80369908,3,-0.08197441026,NridgHt
1052,12.96219697,12.9382486,3,-0.02394837631,NridgHt
1053,12.86100121,12.98789988,3,0.1268986704,NridgHt
1054,13.0086615,12.98710478,3,-0.02155672503,NridgHt
1055,12.66823625,12.54849643,3,-0.1197398154,NridgHt
1056,12.82773188,12.7035049,3,-0.1242269794,NridgHt
1057,12.94204222,13.00186478,3,0.05982256506,NridgHt
1060,13.03898394,13.0971852,3,0.05820125567,NridgHt
1061,12.84529412,12.85247001,3,0.007175883899,NridgHt
1062,12.4292202,12.50275154,3,0.07353134669,NridgHt
1063,12.66350066,12.69795293,3,0.03445227463,NridgHt
1064,13.32937917,13.19189866,3,-0.1374805115,NridgHt
1065,12.92999391,12.91886179,3,-0.01113211762,NridgHt
1066,12.55673304,12.49149465,3,-0.06523838516,NridgHt
1067,12.55673304,12.48949905,3,-0.06723398583,NridgHt
1071,12.81392062,12.79245559,3,-0.02146502463,NridgHt
1072,12.16525586,12.22090707,3,0.05565120819,NridgHt
1073,12.52088703,12.57101256,3,0.0501255203,NridgHt
1074,12.49125535,12.5478606,3,0.05660525085,NridgHt
1075,12.82387108,12.74034079,3,-0.08353029795,NridgHt
1076,12.36414847,12.32424633,3,-0.03990213893,NridgHt
1078,11.95118685,12.04211544,3,0.09092859017,NridgHt
1079,11.94471437,12.12135289,3,0.1766385163,NridgHt
1081,12.18075997,12.35022303,3,0.169463064,Blmngtn
1085,12.14253629,12.1059257,3,-0.03661059267,Blmngtn
1086,12.09514667,12.09602954,3,0.0008828726454,Gilbert
1087,12.17045065,12.12865405,3,-0.0417966035,Gilbert
1088,12.15478461,12.14301085,3,-0.01177376437,Gilbert
1089,12.07824496,12.02486506,3,-0.05337989475,Gilbert
1091,12.26905214,12.25758203,3,-0.01147010987,Gilbert
1093,12.13619188,12.14845756,3,0.01226568318,Gilbert
1094,12.33160778,12.2667086,3,-0.06489918036,Gilbert
1095,12.12269647,12.2262272,3,0.1035307304,Gilbert
1096,12.07824496,12.04768259,3,-0.03056236685,Gilbert
1097,12.32386013,12.34891256,3,0.02505243296,Gilbert
1098,12.13296955,12.12148354,3,-0.01148600959,Gilbert
1099,12.55849205,12.43878874,3,-0.1197033065,NoRidge
1100,12.66033109,12.68103439,3,0.02070329965,NoRidge
1102,12.58108198,12.62051498,3,0.03943300125,NoRidge
1105,12.57763965,12.65194714,3,0.07430749321,NoRidge
1107,12.73964069,12.69307582,3,-0.04656486592,NoRidge
1108,12.56898162,12.52449767,3,-0.04448395155,NoRidge
1109,12.50987779,12.47811986,3,-0.03175793426,NoRidge
1110,12.61652861,12.66733137,3,0.05080275964,NoRidge
1111,12.36788958,12.36358321,3,-0.004306366997,Somerst
1112,12.27373597,12.32135046,3,0.04761449286,Somerst
1113,12.35449696,12.38557155,3,0.03107458964,Somerst
1114,12.38839837,12.44267262,3,0.0542742534,Somerst
1115,12.48420804,12.48026528,3,-0.003942759982,Somerst
1116,12.40901757,12.39298071,3,-0.01603685955,Somerst
1117,12.33570081,12.26894019,3,-0.06676061527,Somerst
1118,12.45683525,12.50153095,3,0.044695691,Somerst
1119,12.6045165,12.53361168,3,-0.07090481401,Somerst
1121,12.2676427,12.28378884,3,0.01614614054,Somerst
1122,12.4315375,12.23950696,3,-0.1920305431,Somerst
1123,12.11176746,12.27943932,3,0.1676718625,Somerst
1124,12.33138725,12.28435127,3,-0.0470359805,Somerst
1125,12.4292202,12.45257858,3,0.02335838108,Somerst
1126,12.4292202,12.42984759,3,0.0006273910604,Somerst
1127,12.73596828,12.63613848,3,-0.09982979858,Somerst
1130,12.34735083,12.2672093,3,-0.08014153401,Somerst
1131,12.24289144,12.22273969,3,-0.02015174831,Somerst
1132,11.85652226,11.91605365,3,0.05953138546,SawyerW
1133,12.14420256,12.16346087,3,0.01925830613,SawyerW
1135,11.89136875,11.84814011,3,-0.04322863644,SawyerW
1136,11.97666577,11.95661536,3,-0.02005040883,SawyerW
1137,11.95118685,11.98721924,3,0.03603238952,SawyerW
1138,12.06105265,12.09260416,3,0.03155150815,SawyerW
1139,12.0435596,12.07060992,3,0.02705031951,SawyerW
1141,12.00151161,12.13261351,3,0.1311018939,SawyerW
1142,12.17303796,12.22838266,3,0.05534470334,SawyerW
1143,12.14950759,12.19851425,3,0.04900666008,SawyerW
1144,12.15741272,12.15398296,3,-0.003429763205,SawyerW
1145,12.07254697,12.17667704,3,0.1041300709,SawyerW
1147,12.13886924,12.0986744,3,-0.04019483855,SawyerW
1148,12.17045065,12.18845841,3,0.01800776197,SawyerW
1149,11.94406482,11.98865565,3,0.04459082957,SawyerW
1150,11.75979336,11.71766009,3,-0.04213326645,Sawyer
1151,11.87757552,11.80144448,3,-0.0761310398,Sawyer
1152,11.81303746,11.84447957,3,0.03144210236,Sawyer
1153,11.6526961,11.65573642,3,0.003040321312,Sawyer
1154,11.69455512,11.63087875,3,-0.06367636959,Sawyer
1156,12.16525586,12.11895984,3,-0.04629602149,Veenker
1158,12.57763965,12.48257456,3,-0.09506509271,NoRidge
1159,12.827995,12.78953591,3,-0.03845909301,NoRidge
1160,12.18587504,12.15994909,3,-0.02592595243,Somerst
1161,12.05467401,12.01848493,3,-0.0361890836,Somerst
1162,12.08954445,12.08272163,3,-0.006822815313,Somerst
1163,12.01370681,11.96780426,3,-0.04590255355,Somerst
1164,11.89136875,12.00417509,3,0.1128063378,Somerst
1165,11.89136875,12.01124108,3,0.1198723342,Somerst
1167,12.06047446,12.0047896,3,-0.05568485499,Somerst
1168,12.61154109,12.51810802,3,-0.09343306607,Somerst
1169,12.56024797,12.37576773,3,-0.1844802411,Somerst
1170,12.57763965,12.42779922,3,-0.1498404282,Somerst
1171,12.62807033,12.45691528,3,-0.1711550529,Somerst
1172,12.70351207,12.5603782,3,-0.1431338749,Somerst
1173,11.98293534,11.98617618,3,0.00324083632,Somerst
1174,12.0435596,12.0089985,3,-0.03456110194,Somerst
1175,12.31493153,12.27553392,3,-0.03939761228,Somerst
1176,12.0435596,12.19558594,3,0.15202634,Somerst
1177,12.20607765,12.18746254,3,-0.01861510491,Somerst
1180,12.28995873,12.3421139,3,0.05215516877,Veenker
1181,12.68850188,12.61274911,3,-0.07575276926,Veenker
1183,11.91839724,12.63877962,3,0.7203823764,Veenker
1184,12.57763965,12.56936563,3,-0.008274023691,Veenker
1185,12.23077014,12.23865323,3,0.007883096372,Somerst
1186,12.06681633,12.09072516,3,0.02390883206,NWAmes
1187,12.1172469,12.07358684,3,-0.04366005329,NWAmes
1188,11.91839724,12.08494503,3,0.1665477939,NWAmes
1189,11.88449592,12.08769837,3,0.2032024507,NWAmes
1190,12.27839796,12.26071702,3,-0.01768094262,NWAmes
1191,11.85296989,11.82292778,3,-0.03004210479,NWAmes
1192,12.38839837,12.37496856,3,-0.01342981381,NWAmes
1193,11.85652226,11.8925708,3,0.03604854341,NAmes
1194,11.89819467,11.88468085,3,-0.01351382042,NAmes
1195,11.81303746,11.83537198,3,0.02233451914,NAmes
1197,11.8678058,11.84289992,3,-0.02490587905,NAmes
1198,11.81303746,11.82627269,3,0.01323522726,NWAmes
1200,12.6108742,12.68956858,3,0.07869437741,NWAmes
1203,12.0917891,12.15050388,3,0.05871477062,NAmes
1204,12.07824496,12.10944232,3,0.03119736809,NWAmes
1205,11.49273296,11.5604567,3,0.06772373477,NAmes
1206,11.59918573,11.63902718,3,0.03984145595,NAmes
1207,11.8185776,11.66581817,3,-0.1527594319,NAmes
1208,11.95118685,11.90597401,3,-0.04521283459,NAmes
1209,12.1034916,12.01794996,3,-0.0855416354,NAmes
1211,11.84940484,11.88903109,3,0.03962624957,NAmes
1212,11.88449592,11.95305202,3,0.06855610424,NAmes
1213,12.10016198,12.16570519,3,0.06554321519,NAmes
1214,12.03469696,11.97325931,3,-0.06143765469,NAmes
1215,11.84940484,11.76922591,3,-0.0801789374,NAmes
1216,11.88793824,11.91667258,3,0.02873433704,NAmes
1217,11.86358938,11.93945956,3,0.07587017743,NAmes
1218,11.85652226,11.76520303,3,-0.09131922996,NAmes
1219,11.93819974,11.89043875,3,-0.04776098523,NAmes
1220,11.19135563,11.12847857,3,-0.06287706588,BrkSide
1221,10.85901823,11.20100412,3,0.3419858899,BrkSide
1222,11.67844838,11.75556667,3,0.07711828901,BrkSide
1223,11.37367489,11.41183209,3,0.03815719826,BrkSide
1224,11.86006206,11.91424049,3,0.0541784242,NAmes
1225,11.68688718,11.76147302,3,0.07458584518,NAmes
1227,12.01673252,12.0984154,3,0.08168288226,NAmes
1228,11.63426661,11.64663812,3,0.01237150823,NAmes
1230,12.00151161,11.960677,3,-0.04083461614,NAmes
1232,12.06681633,12.16499131,3,0.09817498542,NAmes
1233,12.01370681,11.94941646,3,-0.06429035835,NAmes
1234,12.3327097,12.34155522,3,0.008845522837,NAmes
1235,11.81303746,11.82066033,3,0.007622869604,NAmes
1236,11.72804491,11.77943352,3,0.05138861212,NAmes
1238,11.82408722,11.77337006,3,-0.05071716303,NAmes
1239,12.12811651,12.05959767,3,-0.06851883753,NAmes
1240,12.00151161,12.01667726,3,0.01516564928,NAmes
1241,12.02455676,12.05530361,3,0.03074684816,NAmes
1242,11.84223641,11.86003134,3,0.01779493631,NAmes
1243,12.01974909,12.04044283,3,0.02069373663,NAmes
1244,11.82041752,11.85562781,3,0.0352102938,NAmes
1245,11.79811193,11.77327152,3,-0.02484040451,NAmes
1247,11.83138647,11.81376126,3,-0.01762521208,NAmes
1248,11.77529742,11.67445811,3,-0.1008393093,NAmes
1249,12.10071769,12.02179484,3,-0.07892284776,NAmes
1251,11.60824474,11.58503056,3,-0.02321418021,NAmes
1254,11.89136875,11.86345809,3,-0.02791066117,NAmes
1255,11.40646434,11.33510669,3,-0.07135765851,OldTown
1256,11.6439625,11.62138692,3,-0.02257558277,OldTown
1257,11.84940484,11.83887039,3,-0.01053444983,NAmes
1258,11.37252482,11.42280592,3,0.0502811028,OldTown
1259,11.84223641,11.81085053,3,-0.03138587208,OldTown
1260,11.5735595,11.44255172,3,-0.1310077785,OldTown
1261,12.04942468,12.04226883,3,-0.007155855268,NAmes
1262,11.84223641,11.80380973,3,-0.0384266725,NAmes
1263,12.13350733,12.15177924,3,0.0182719116,NAmes
1264,11.96400745,11.93505614,3,-0.02895131223,NAmes
1266,12.39669714,12.44933645,3,0.05263930907,NAmes
1267,11.66135409,11.72250311,3,0.06114902098,NAmes
1268,11.4510607,11.71761618,3,0.2665554814,NAmes
1269,11.49578948,11.54920127,3,0.05341178741,NAmes
1270,11.75195024,11.86172022,3,0.109769981,NAmes
1272,11.74325116,11.7674121,3,0.02416093509,NAmes
1273,11.95118685,11.90619222,3,-0.04499462658,NAmes
1274,11.83501621,11.81846587,3,-0.01655034204,NAmes
1275,11.63071739,11.70420241,3,0.07348501769,NAmes
1276,11.56647571,11.66222068,3,0.09574496973,NAmes
1277,11.75587949,11.72117178,3,-0.03470770473,NAmes
1278,11.77529742,11.78945057,3,0.01415314515,NAmes
1279,11.91839724,11.87130929,3,-0.04708795467,NAmes
1280,11.60368896,11.61341266,3,0.009723701604,NAmes
1281,11.84940484,12.0011413,3,0.1517364531,NAmes
1282,12.0311298,12.10237557,3,0.07124577559,NAmes
1283,11.82679416,11.69701897,3,-0.1297751811,NAmes
1284,11.8706069,11.72993616,3,-0.1406707458,OldTown
1285,11.19822842,11.28346168,3,0.08523326307,OldTown
1286,11.96718709,11.92690743,3,-0.04027965303,OldTown
1287,11.71669046,11.71308157,3,-0.003608888456,OldTown
1288,11.61729449,11.51360154,3,-0.1036929521,OldTown
1289,12.45293663,12.25330081,3,-0.199635815,OldTown
1290,11.06665399,11.30594231,3,0.2392883218,OldTown
1291,11.84582705,11.75282942,3,-0.09299762732,OldTown
1292,11.67844838,11.61562081,3,-0.06282756867,OldTown
1293,12.20607765,12.2243466,3,0.01826895012,OldTown
1294,11.68826437,11.74819579,3,0.05993142846,OldTown
1297,11.95118685,11.88864548,3,-0.06254136967,OldTown
1298,11.26447693,11.32396616,3,0.05948923084,OldTown
1299,11.4616427,11.48770551,3,0.02606281687,OldTown
1300,11.6526961,11.47756016,3,-0.1751359418,OldTown
1301,11.89819467,11.87484639,3,-0.023348274,OldTown
1302,11.84940484,11.87358565,3,0.02418080321,OldTown
1305,11.58896942,11.57331161,3,-0.01565780843,OldTown
1307,12.59473403,12.6180681,3,0.02333407339,OldTown
1308,11.84582705,11.56692641,3,-0.2789006368,OldTown
1309,11.94406482,11.82006995,3,-0.1239948654,OldTown
1310,11.79056478,11.75915289,3,-0.03141188911,OldTown
1311,11.49273296,11.48284527,3,-0.009887690749,OldTown
1312,11.6439625,11.56977492,3,-0.07418757758,OldTown
1313,11.77529742,11.79780734,3,0.02250991856,OldTown
1314,11.77144388,11.86461585,3,0.09317196744,OldTown
1315,11.77067139,11.75344614,3,-0.01722525198,OldTown
1316,11.98916586,12.00931835,3,0.02015249872,OldTown
1317,12.00151161,11.91849423,3,-0.08301738873,OldTown
1318,11.75979336,11.75598265,3,-0.003810705493,OldTown
1319,11.71178452,11.80746439,3,0.09567987024,OldTown
1320,11.6690827,11.69531058,3,0.02622787977,OldTown
1321,12.69158354,12.63275625,3,-0.05882728498,OldTown
1324,11.60824474,11.64656784,3,0.03832310142,OldTown
1325,11.78676974,11.7721358,3,-0.01463393664,OldTown
1327,11.65703447,11.60776886,3,-0.049265605,OldTown
1328,11.83501621,11.80438448,3,-0.03063172844,BrkSide
1330,11.28352488,11.50066254,3,0.2171376576,BrkSide
1331,11.93819974,11.84334286,3,-0.09485687724,BrkSide
1332,11.60368896,11.56335349,3,-0.04033547266,BrkSide
1333,11.72804491,11.7242498,3,-0.003795113481,BrkSide
1334,11.57965845,11.74757723,3,0.1679187793,BrkSide
1335,12.01310057,12.02663724,3,0.01353666938,BrkSide
1336,11.68688718,11.69620966,3,0.009322479854,BrkSide
1337,11.69525536,11.70937605,3,0.01412069706,BrkSide
1338,11.96400745,11.89892103,3,-0.06508642155,BrkSide
1339,11.56172515,11.75842199,3,0.1966968369,BrkSide
1340,11.63515195,11.65667283,3,0.02152088539,BrkSide
1341,11.6526961,11.65881779,3,0.006121682803,BrkSide
1342,11.27721579,11.41525718,3,0.1380413922,BrkSide
1343,11.71994776,11.63136824,3,-0.08857952925,BrkSide
1344,11.3059136,11.39518251,3,0.08926891406,BrkSide
1345,12.00089793,11.92928866,3,-0.0716092744,BrkSide
1347,11.72400453,11.7461266,3,0.0221220674,OldTown
1348,11.7745279,11.87310108,3,0.09857318295,OldTown
1350,11.13460362,11.14530529,3,0.01070166693,BrkSide
1352,12.2404789,12.19018784,3,-0.05029106037,BrkSide
1353,12.12269647,12.08221457,3,-0.04048189772,BrkSide
1355,11.88449592,11.84891992,3,-0.03557599433,BrkSide
1356,11.77529742,11.68959235,3,-0.08570507574,BrkSide
1358,11.98916586,11.97106077,3,-0.01810508387,OldTown
1359,11.75587949,11.72326897,3,-0.03261052014,OldTown
1360,11.4494637,11.4820856,3,0.03262190191,IDOTRR
1361,11.82041752,11.85287534,3,0.03245782313,IDOTRR
1364,11.75587949,11.70727826,3,-0.04860122938,IDOTRR
1365,11.75195024,11.73498217,3,-0.01696807416,IDOTRR
1366,11.40200508,11.53105955,3,0.1290544763,IDOTRR
1367,11.73607702,11.6849275,3,-0.05114952055,OldTown
1368,11.28854365,11.6065125,3,0.3179688548,OldTown
1369,11.3504183,11.45766782,3,0.1072495219,IDOTRR
1370,11.31904941,11.21540367,3,-0.1036457402,IDOTRR
1371,11.81303746,11.820017,3,0.006979538682,IDOTRR
1372,11.72804491,11.69448694,3,-0.03355796584,Sawyer
1373,11.80560254,11.76226499,3,-0.04333755478,Sawyer
1375,11.80882121,11.64375335,3,-0.1650678674,ClearCr
1376,11.75587949,11.72534631,3,-0.03053318085,Edwards
1377,11.90497431,11.89912097,3,-0.005853340054,Sawyer
1378,11.77144388,11.7889016,3,0.01745771664,Sawyer
1380,11.60733524,11.67479363,3,0.06745839134,Sawyer
1382,11.77529742,11.80879369,3,0.03349627203,Sawyer
1383,11.93819974,11.97074526,3,0.03254552267,Sawyer
1384,11.69525536,11.74239839,3,0.0471430335,Sawyer
1385,11.93164238,11.88325782,3,-0.0483845618,Sawyer
1388,11.28979441,11.48635411,3,0.1965596958,Sawyer
1389,11.91405452,11.87457427,3,-0.03948024991,Sawyer
1390,11.88380603,11.83757958,3,-0.04622644871,Sawyer
1393,12.36734505,12.21792714,3,-0.1494179133,ClearCr
1395,11.58989577,11.53490664,3,-0.05498912178,Sawyer
1397,11.93427048,11.83718885,3,-0.09708163079,Sawyer
1398,11.87757552,11.91922255,3,0.04164703109,Sawyer
1399,12.06105265,12.08443367,3,0.02338101457,ClearCr
1400,12.16525586,12.25699723,3,0.09174136657,ClearCr
1401,12.40901757,12.34887259,3,-0.06014498218,ClearCr
1402,12.39462889,12.27318868,3,-0.1214402086,ClearCr
1403,12.45293663,12.25542706,3,-0.197509571,ClearCr
1404,12.08391066,12.01889112,3,-0.06501953717,Edwards
1405,11.74086549,11.67507556,3,-0.06578993094,Edwards
1406,11.95118685,11.8653932,3,-0.08579364847,Edwards
1407,12.38839837,12.34121416,3,-0.0471842076,ClearCr
1408,12.46844076,11.98446764,3,-0.4839731137,Edwards
1409,12.12811651,12.09930518,3,-0.02881132709,Edwards
1410,12.36734505,12.23308533,3,-0.1342597223,Edwards
1411,11.98231015,12.02703734,3,0.04472719014,Edwards
1412,11.50892748,11.56740249,3,0.05847500201,Edwards
1414,11.68688718,11.77506002,3,0.08817284496,Edwards
1415,11.58525543,11.79578498,3,0.2105295506,Edwards
1416,11.73607702,11.70286201,3,-0.03321500583,Edwards
1417,11.27721579,11.30496766,3,0.02775186697,Edwards
1420,12.46844076,12.45235032,3,-0.01609043966,SawyerW
1421,12.33050464,12.37118348,3,0.04067884091,SawyerW
1423,12.34148165,12.24536759,3,-0.09611406249,SawyerW
1425,12.42320215,12.41189727,3,-0.01130487975,CollgCr
1426,13.07107219,12.97447639,3,-0.09659580137,CollgCr
1427,12.8867423,12.80351894,3,-0.0832233635,CollgCr
1428,12.33710529,12.38581883,3,0.04871353838,SawyerW
1430,12.18075997,12.21460677,3,0.03384680623,ClearCr
1432,11.95118685,11.90400005,3,-0.04718679782,CollgCr
1433,11.87757552,11.88647338,3,0.008897854171,CollgCr
1434,11.88449592,11.85280204,3,-0.03169387886,CollgCr
1435,12.32829913,12.28572897,3,-0.0425701592,CollgCr
1436,12.28164847,12.2059613,3,-0.07568716442,CollgCr
1438,12.17045065,12.26925228,3,0.09880162997,CollgCr
1440,12.16003394,12.1646059,3,0.004571961366,CollgCr
1441,12.30592251,12.30655873,3,0.0006362251553,CollgCr
1443,12.36734505,12.28755911,3,-0.07978593705,CollgCr
1444,12.31717117,12.27905068,3,-0.03812048493,CollgCr
1446,11.91773036,11.85977158,3,-0.05795877425,CollgCr
1447,11.97035664,11.95037592,3,-0.0199807248,CollgCr
1448,11.89819467,11.92333176,3,0.02513709422,CollgCr
1449,11.8719696,11.86207321,3,-0.009896388454,CollgCr
1452,11.75195024,11.69762109,3,-0.05432914741,CollgCr
1454,12.34583894,12.39940381,3,0.05356487088,CollgCr
1456,12.36734505,12.38221216,3,0.01486711554,CollgCr
1457,12.34801048,12.35139419,3,0.003383707227,CollgCr
1458,12.34583894,12.40797423,3,0.06213529066,CollgCr
1460,12.56724098,12.47576672,3,-0.09147425936,CollgCr
1462,12.61154109,12.64392972,3,0.03238863784,CollgCr
1463,12.45254593,12.45085537,3,-0.00169055731,CollgCr
1464,12.32341558,12.25704546,3,-0.06637012021,CollgCr
1466,12.1172469,12.13814488,3,0.02089798542,CollgCr
1469,11.82408722,11.83841671,3,0.0143294866,CollgCr
1470,11.88449592,11.82744027,3,-0.0570556523,CollgCr
1471,12.24961573,12.26371278,3,0.01409704367,CollgCr
1472,12.12811651,12.31588793,3,0.1877714169,CollgCr
1474,12.24769912,12.23918526,3,-0.008513858426,CollgCr
1475,12.13619188,12.17864792,3,0.04245603901,CollgCr
1476,12.25486757,12.24246551,3,-0.01240205847,CollgCr
1477,12.13296955,12.15243797,3,0.01946841502,CollgCr
1479,12.29608244,12.33105804,3,0.03497559935,CollgCr
1480,12.17045065,12.19396039,3,0.02350974088,CollgCr
1481,12.14950759,12.19377071,3,0.04426312358,CollgCr
1482,11.91371968,11.87872924,3,-0.0349904437,CollgCr
1483,11.85652226,11.90574161,3,0.04921934871,CollgCr
1484,11.9117083,11.86763289,3,-0.04407540948,CollgCr
1485,11.88104171,11.90733236,3,0.02629065221,CollgCr
1486,11.3504183,11.42541155,3,0.07499325158,Edwards
1487,11.89068359,11.91897818,3,0.02829459018,Edwards
1488,11.71994776,11.76292514,3,0.04297737376,Edwards
1489,11.90159023,11.91652798,3,0.01493774761,Edwards
1490,12.01370681,11.78740703,3,-0.2262997857,Edwards
1491,11.81303746,11.90210545,3,0.08906798054,Edwards
1492,11.58989577,11.68689293,3,0.09699716409,Edwards
1493,11.83138647,11.84419655,3,0.01281007793,Edwards
1496,11.98605545,11.93328865,3,-0.05276680191,Edwards
1497,12.07824496,11.93430737,3,-0.1439375879,Edwards
1498,12.55919479,12.51361319,3,-0.04558159715,Edwards
1500,11.90497431,11.8249002,3,-0.08007410727,Edwards
1502,11.31448672,11.2738746,3,-0.04061212111,Edwards
1504,11.32056569,11.2623477,3,-0.05821799627,Edwards
1505,11.42846719,11.38472166,3,-0.04374552503,Edwards
1506,11.69525536,11.58284496,3,-0.1124103938,Edwards
1507,11.47211389,11.56363674,3,0.09152285041,Edwards
1508,11.50288523,11.62255073,3,0.1196655021,Edwards
1509,11.77913617,11.73784753,3,-0.04128864259,Edwards
1510,11.81303746,11.79779209,3,-0.01524537035,Edwards
1511,11.8167343,11.8727829,3,0.05604860332,Edwards
1512,11.51293546,11.58490216,3,0.07196669096,Edwards
1513,11.58989577,11.71176736,3,0.1218715944,Edwards
1514,11.49273296,11.41326042,3,-0.07947253962,Edwards
1515,11.11246282,11.07541632,3,-0.03704650069,Edwards
1516,11.81968196,11.69065558,3,-0.1290263775,SWISU
1518,12.09793606,12.10355137,3,0.00561531602,SWISU
1519,11.82408722,11.98143281,3,0.1573455878,SWISU
1520,12.03172521,11.97462131,3,-0.05710390188,SWISU
1521,11.77529742,11.72064364,3,-0.05465378614,SWISU
1522,12.14950759,12.1325265,3,-0.01698108102,SWISU
1523,11.99474032,12.13891917,3,0.1441788538,SWISU
1525,12.16003394,12.22094525,3,0.06091130663,Crawfor
1527,11.90159023,11.84123875,3,-0.06035148273,Crawfor
1529,12.35017732,12.19000295,3,-0.1601743659,Crawfor
1531,11.83501621,11.76656068,3,-0.06845552557,Crawfor
1532,11.9117083,11.99482139,3,0.08311309615,Crawfor
1535,11.60824474,11.63418926,3,0.02594452187,Crawfor
1536,11.55215579,11.82400385,3,0.2718480524,Crawfor
1537,12.45713093,12.27645916,3,-0.1806717693,Crawfor
1538,12.85055728,12.79659721,3,-0.05396006416,Crawfor
1539,12.64915783,12.38120413,3,-0.2679536933,Crawfor
1540,12.48143286,12.45288168,3,-0.02855118627,Crawfor
1541,12.37370772,12.3187628,3,-0.05494491955,Crawfor
1542,12.3194058,12.3043463,3,-0.01505949408,Crawfor
1543,11.66565514,11.67633568,3,0.01068054273,Blueste
1546,11.69525536,11.65131209,3,-0.04394326024,IDOTRR
1547,10.91510665,11.10072234,3,0.1856156898,IDOTRR
1548,11.69941333,11.71469205,3,0.01527871946,IDOTRR
1549,11.69941333,11.63787826,3,-0.06153506724,IDOTRR
1550,11.68688718,11.55986471,3,-0.1270224695,IDOTRR
1551,11.74404512,11.75344473,3,0.009399608072,IDOTRR
1553,12.01673252,11.8540256,3,-0.1627069123,IDOTRR
1554,9.480443842,10.95566165,3,1.475217811,IDOTRR
1555,11.39640288,11.29414233,3,-0.1022605506,IDOTRR
1557,11.30098146,11.11254866,3,-0.1884328026,IDOTRR
1558,11.30221678,11.31165478,3,0.009438000714,IDOTRR
1560,12.88029436,12.62336929,3,-0.2569250749,Crawfor
1561,12.59291543,12.67011917,3,0.07720374484,Crawfor
1563,12.52453001,12.61846557,3,0.09393555515,Crawfor
1565,12.50987779,12.52006342,3,0.01018562908,Mitchel
1566,12.26905214,12.25782338,3,-0.01122876121,Mitchel
1567,12.04942468,11.92614077,3,-0.1232839158,Mitchel
1568,12.05234438,12.02095394,3,-0.03139043724,Mitchel
1569,11.51293546,11.75903993,3,0.2461044617,Mitchel
1570,12.33929587,12.121538,3,-0.2177578624,Mitchel
1572,12.39462889,12.23339865,3,-0.161230247,Timber
1573,12.56724098,12.67086352,3,0.103622542,Timber
1574,12.59133845,12.52917158,3,-0.06216687209,Timber
1577,12.05815831,11.93998211,3,-0.1181762005,Timber
1580,11.91839724,12.11981603,3,0.2014187887,Timber
1581,12.12269647,12.16245542,3,0.03975895309,Timber
1582,12.10071769,12.130533,3,0.02981531231,Timber
1583,12.07254697,12.2085804,3,0.1360334314,Timber
1584,12.35664981,12.39559198,3,0.03894217337,Timber
1585,12.18075997,12.29633686,3,0.1155768906,Timber
1586,12.62807033,12.66860102,3,0.04053068226,Timber
1588,12.82126099,12.75253794,3,-0.06872304478,Timber
1589,12.25105079,12.19900527,3,-0.05204551986,Mitchel
1593,12.06105265,11.91347756,3,-0.1475750898,Mitchel
1594,11.72804491,11.76078635,3,0.03274143924,MeadowV
1595,11.6526961,11.61248283,3,-0.04021327706,MeadowV
1598,11.46058952,11.52562634,3,0.06503681617,MeadowV
1599,11.93492643,11.89024258,3,-0.04468385144,Mitchel
1600,11.49273296,11.6075033,3,0.1147703407,MeadowV
1603,11.76369197,11.73583739,3,-0.02785457198,Mitchel
1604,11.69108002,11.71234809,3,0.02126807625,Mitchel
1606,11.83501621,11.84208672,3,0.007070512705,Mitchel
1609,11.83138647,11.77367389,3,-0.05771257475,Mitchel
1610,12.05525557,12.01148155,3,-0.04377401521,Mitchel
1611,11.54249398,11.47927698,3,-0.0632169916,IDOTRR
1613,12.02575508,12.09102178,3,0.06526669624,NAmes
1614,12.4049276,12.5297143,3,0.1247866998,NAmes
1615,12.49874599,12.64802492,3,0.1492789335,NAmes
1617,12.03172521,12.05687053,3,0.02514531603,Gilbert
1618,12.08391066,12.07930093,3,-0.00460972737,Gilbert
1619,12.03765991,12.09343281,3,0.05577289751,Gilbert
1620,11.99226661,11.9440553,3,-0.04821131102,Gilbert
1623,12.10071769,12.19188202,3,0.09116433241,Gilbert
1625,12.07824496,12.02351697,3,-0.05472798616,Gilbert
1627,11.98293534,11.989509,3,0.006573659018,Gilbert
1628,11.98293534,12.01938646,3,0.03645111919,Gilbert
1629,12.00701787,12.03193733,3,0.0249194601,Gilbert
1630,12.03172521,12.06372135,3,0.03199614162,Gilbert
1631,11.94603817,11.9636937,3,0.01765553589,Gilbert
1632,12.0435596,12.00377218,3,-0.03978742077,StoneBr
1634,12.11176746,12.1412114,3,0.02944393878,StoneBr
1635,12.26434627,12.30237772,3,0.03803145034,StoneBr
1637,12.76358909,12.787867,3,0.02427791131,StoneBr
1638,13.29056573,13.12346558,3,-0.1671001434,StoneBr
1639,11.95118685,12.0356916,3,0.08450475177,Gilbert
1640,12.67576685,12.62741573,3,-0.04835111746,StoneBr
1643,13.0280549,12.93788931,3,-0.09016558237,StoneBr
1644,12.1167003,12.2047577,3,0.08805740067,NWAmes
1645,12.06681633,11.98969194,3,-0.07712438528,NWAmes
1646,12.08954445,12.21238487,3,0.1228404236,NWAmes
1647,12.07824496,12.16163246,3,0.08338750761,NWAmes
1648,12.26905214,12.28914138,3,0.02008924004,NWAmes
1649,12.16525586,12.22624222,3,0.06098636359,NWAmes
1650,12.15478461,12.15024929,3,-0.004535320981,NWAmes
1651,12.18075997,12.14248218,3,-0.03827778612,NWAmes
1652,11.90497431,11.95321272,3,0.04823840634,NWAmes
1653,11.9283475,11.99683367,3,0.06848616491,NWAmes
1654,12.19096408,12.07425622,3,-0.1167078618,NWAmes
1655,12.16707711,12.10184711,3,-0.06523000108,NWAmes
1656,11.93164238,11.84507414,3,-0.08656824364,NWAmes
1657,12.0435596,12.02363469,3,-0.01992490771,NWAmes
1661,12.06681633,12.16354145,3,0.09672511986,NWAmes
1662,12.09458786,12.14187048,3,0.04728262412,NWAmes
1663,11.84223641,11.74433872,3,-0.0978976893,NAmes
1664,11.87235362,11.81386304,3,-0.05849058022,NAmes
1665,12.12269647,12.1239304,3,0.001233930818,NAmes
1666,11.95118685,11.88339361,3,-0.06779323735,NAmes
1669,11.71994776,11.58697428,3,-0.1329734864,NAmes
1672,11.69941333,11.61686514,3,-0.08254818601,NAmes
1675,12.08391066,12.15825135,3,0.07434068999,NAmes
1677,11.63515195,11.5914782,3,-0.04367374608,BrDale
1678,11.64132747,11.59073458,3,-0.05059289266,BrDale
1679,11.57120381,11.62052125,3,0.04931744774,BrDale
1680,11.71587447,11.69816202,3,-0.01771245695,BrDale
1681,11.75979336,11.81036711,3,0.05057375225,NPkVill
1683,11.8671043,11.85779617,3,-0.009308121396,NPkVill
1684,11.76951153,11.72849351,3,-0.04101802002,NAmes
1685,12.78268882,12.78208957,3,-0.000599248514,NridgHt
1687,12.66980981,12.50893822,3,-0.1608715847,NridgHt
1688,12.68355139,12.50813067,3,-0.1754207178,NridgHt
1689,12.66980981,12.64859579,3,-0.02121401472,NridgHt
1690,12.75267556,12.83221851,3,0.0795429492,NridgHt
1691,12.93675402,12.87605406,3,-0.06069996573,NridgHt
1692,13.10623603,13.0491688,3,-0.05706722508,NridgHt
1693,12.73355478,12.67774975,3,-0.05580503044,NridgHt
1694,13.01700508,13.0234718,3,0.006466714975,NridgHt
1695,12.54254845,12.51821269,3,-0.02433576541,NridgHt
1696,13.079602,13.10425142,3,0.02464941286,NridgHt
1697,12.88664358,12.60627205,3,-0.2803715288,NridgHt
1698,12.84792916,12.89207544,3,0.04414628106,NridgHt
1700,12.99453228,12.7775935,3,-0.2169387812,NridgHt
1701,12.9432391,12.89201884,3,-0.05122026444,NridgHt
1703,12.46888681,12.59275324,3,0.123866434,NridgHt
1704,12.66666021,12.62094416,3,-0.04571604379,NridgHt
1705,12.67451568,12.71192693,3,0.0374112433,NridgHt
1706,12.69350169,12.72907934,3,0.03557765025,NridgHt
1707,12.82665182,12.79655394,3,-0.03009788203,NridgHt
1708,12.74256894,12.79049421,3,0.04792527173,NridgHt
1709,12.77705502,12.73982908,3,-0.03722594086,NridgHt
1710,12.76569129,12.69540542,3,-0.07028586686,NridgHt
1711,12.56024797,12.58066073,3,0.02041276588,NridgHt
1712,12.54789128,12.59867054,3,0.05077926305,NridgHt
1713,12.41187063,12.43075669,3,0.0188860577,NridgHt
1714,12.35750105,12.40460548,3,0.04710442598,NridgHt
1715,12.4292202,12.42742268,3,-0.001797519452,NridgHt
1716,12.17922033,12.17391575,3,-0.0053045807,NridgHt
1717,12.22588017,12.17218856,3,-0.05369161091,NridgHt
1718,12.20607765,12.19515112,3,-0.01092652802,NridgHt
1719,12.2404789,12.22306427,3,-0.01741463184,NridgHt
1720,12.25248379,12.30160492,3,0.04912112356,NridgHt
1721,12.25248379,12.30429122,3,0.05180743304,NridgHt
1722,12.2185001,12.25805925,3,0.03955914793,NridgHt
1723,12.54254845,12.55868068,3,0.01613223075,NridgHt
1724,12.53357982,12.57460031,3,0.04102049644,NridgHt
1726,12.30759531,12.24928681,3,-0.05830849568,NridgHt
1727,12.20607765,12.24216721,3,0.03608956269,NridgHt
1729,12.07824496,12.07546905,3,-0.002775908517,Gilbert
1730,12.09458786,12.06948474,3,-0.02510312357,Gilbert
1731,12.03270687,12.04944739,3,0.0167405228,Gilbert
1732,12.05481943,12.08299949,3,0.02818005494,Gilbert
1733,12.19826726,12.18718342,3,-0.01108384366,Gilbert
1734,12.22096618,12.1676232,3,-0.05334298504,Gilbert
1735,12.09815887,12.14507758,3,0.0469187083,Gilbert
1736,12.08099683,12.14902928,3,0.06803244474,Gilbert
1737,12.10699789,12.18048612,3,0.07348823243,Gilbert
1738,11.96357424,12.03699511,3,0.07342086532,Gilbert
1739,12.01974909,12.10017788,3,0.08042878754,Gilbert
1740,12.08726096,12.09907217,3,0.01181121695,Gilbert
1742,12.05815831,12.19581093,3,0.137652617,Blmngtn
1743,12.17665413,12.18629004,3,0.009635910788,Blmngtn
1744,12.33050464,12.43700149,3,0.1064968463,Blmngtn
1745,12.13073469,12.10244315,3,-0.02829153257,Blmngtn
1747,12.14685859,12.16152616,3,0.01466756502,Gilbert
1748,12.07254697,12.12280934,3,0.05026237358,Gilbert
1749,12.27839796,12.2758304,3,-0.002567556529,Gilbert
1750,12.23844787,12.27798657,3,0.03953870773,Gilbert
1751,12.1199754,12.1832284,3,0.06325300289,Gilbert
1752,12.01673252,12.08190638,3,0.06517386868,Gilbert
1753,12.25961815,12.22972421,3,-0.02989394631,Gilbert
1754,12.10625784,12.08725284,3,-0.01900499941,Gilbert
1755,12.29911207,12.31899769,3,0.01988562737,Gilbert
1756,12.07254697,12.06815956,3,-0.004387402477,Gilbert
1757,12.0435596,12.03393123,3,-0.009628370586,Gilbert
1760,12.12811651,12.09075375,3,-0.03736275555,Gilbert
1762,12.85970167,12.78149919,3,-0.07820247868,NoRidge
1763,12.42118806,12.44901194,3,0.02782388262,NoRidge
1765,12.92391488,12.90648184,3,-0.01743304224,NoRidge
1766,12.68386152,12.66575586,3,-0.01810565542,NoRidge
1767,12.43718833,12.45019131,3,0.01300297609,NoRidge
1769,12.50540286,12.42197154,3,-0.08343131968,NoRidge
1770,12.66270921,12.6019733,3,-0.06073591156,NoRidge
1772,12.57763965,12.60507063,3,0.0274309755,NoRidge
1773,12.97154281,12.85649443,3,-0.1150483831,NoRidge
1774,12.47991311,12.52510438,3,0.04519126607,NoRidge
1775,12.70685096,12.65807541,3,-0.04877554997,NoRidge
1776,12.26967635,12.22598748,3,-0.04368887916,Somerst
1778,12.6760794,12.69698605,3,0.02090665318,Somerst
1779,12.55293005,12.48028978,3,-0.07264027026,Somerst
1781,12.94564052,12.9245404,3,-0.02110011953,Somerst
1782,12.44902275,12.48389134,3,0.03486858997,Somerst
1784,12.37106576,12.31249147,3,-0.05857428892,Somerst
1785,12.65035133,12.66009428,3,0.009742948417,Somerst
1786,12.42250976,12.43327807,3,0.01076831599,Somerst
1787,12.3327097,12.46478483,3,0.1320751294,Somerst
1788,12.46844076,12.38998414,3,-0.07845661197,Somerst
1789,12.32386013,12.37094239,3,0.04708226045,Somerst
1790,12.42521219,12.3561585,3,-0.06905369534,Somerst
1791,12.63460628,12.57462052,3,-0.05998576357,Somerst
1792,12.4292202,12.34102644,3,-0.08819375859,Somerst
1793,12.30727904,12.41892511,3,0.1116460639,Somerst
1794,12.24961573,12.26962486,3,0.02000912297,Somerst
1795,12.25677051,12.20749176,3,-0.04927875204,Somerst
1796,12.44902275,12.38608732,3,-0.06293542426,Somerst
1797,12.26486029,12.09761369,3,-0.1672465944,Somerst
1798,12.50618094,12.48588127,3,-0.02029967376,Somerst
1799,12.6230644,12.67578365,3,0.05271925557,Somerst
1801,12.42801948,12.44006727,3,0.01204779016,Somerst
1802,12.3365569,12.31533131,3,-0.02122559278,Somerst
1803,12.47353926,12.46059423,3,-0.01294502222,Somerst
1804,12.44114872,12.46989635,3,0.02874762936,Somerst
1806,12.73670384,12.55597735,3,-0.1807264906,Somerst
1807,11.89136875,11.83076423,3,-0.06060451642,SawyerW
1808,11.89819467,11.94053759,3,0.04234291823,SawyerW
1809,11.9117083,11.94049686,3,0.02878856705,SawyerW
1810,12.10625784,12.18258321,3,0.07632537687,SawyerW
1811,12.21106516,12.17849239,3,-0.03257277452,SawyerW
1812,12.16395293,12.17972089,3,0.01576795916,SawyerW
1813,12.09514667,12.06639883,3,-0.0287478457,SawyerW
1814,12.27839796,12.37088729,3,0.09248933413,SawyerW
1815,12.09626336,12.15702844,3,0.06076507991,SawyerW
1816,11.75979336,11.78949372,3,0.02970036852,SawyerW
1817,11.87757552,11.92211039,3,0.04453487084,SawyerW
1818,11.87757552,11.82678716,3,-0.05078836599,SawyerW
1820,11.79434547,11.82834266,3,0.0339971915,Sawyer
1821,11.79056478,11.7328557,3,-0.05770907447,Sawyer
1822,11.79434547,11.82818839,3,0.03384292113,Sawyer
1823,11.76757544,11.74072983,3,-0.02684560429,Sawyer
1824,11.87688084,11.83956782,3,-0.03731301758,Sawyer
1825,11.88449592,11.86141922,3,-0.02307669647,Sawyer
1826,11.76369197,11.758794,3,-0.004897967999,Sawyer
1827,11.74006901,11.69074705,3,-0.04932195917,Sawyer
1828,12.61154109,12.51327066,3,-0.09827042381,Veenker
1829,12.59133845,12.50232697,3,-0.0890114787,Veenker
1831,12.04942468,12.14860295,3,0.09917826362,Sawyer
1832,11.89819467,12.02034466,3,0.1221499963,Sawyer
1833,12.61818561,12.65136615,3,0.03318054722,NoRidge
1834,12.56024797,12.64008178,3,0.07983380942,NoRidge
1835,12.27373597,12.3275789,3,0.05384293696,Somerst
1836,12.01974909,12.14763975,3,0.1278906544,Somerst
1838,12.24961573,12.18693175,3,-0.06268398559,Somerst
1839,12.17561859,12.29177158,3,0.1161529878,Somerst
1840,12.24289144,12.32035902,3,0.07746758506,Somerst
1841,12.20557752,12.21421756,3,0.008640040013,Somerst
1842,12.01188699,12.01237992,3,0.0004929298486,Somerst
1843,12.08108182,12.00061249,3,-0.08046933414,Somerst
1846,12.08391066,12.00563638,3,-0.07827427655,Somerst
1847,12.08391066,12.03287458,3,-0.05103607843,Somerst
1849,12.06681633,12.05538747,3,-0.01142885185,Somerst
1851,12.22588017,12.18950903,3,-0.03637114083,Somerst
1852,12.61486887,12.60245282,3,-0.01241604885,Somerst
1853,12.65236295,12.67788062,3,0.02551767239,Somerst
1854,12.54147645,12.47281671,3,-0.06865974111,Veenker
1855,12.44902275,12.56697023,3,0.1179474801,Veenker
1856,12.17561859,12.16893022,3,-0.006688369925,Veenker
1857,12.29225493,12.23557519,3,-0.05667973835,Veenker
1858,12.27256707,12.19114641,3,-0.08142065771,Greens
1859,12.13886924,12.08291748,3,-0.05595176329,Veenker
1860,12.10901644,12.11607151,3,0.007055065985,Veenker
1861,12.82933638,12.81800838,3,-0.01132799551,Veenker
1862,12.15478461,12.17100355,3,0.0162189381,Sawyer
1863,12.3282947,12.3960448,3,0.06775009216,Somerst
1864,11.87374879,11.8581238,3,-0.01562498853,NWAmes
1865,12.38860668,12.20196683,3,-0.1866398497,NWAmes
1866,11.99843943,11.93200303,3,-0.06643640689,NWAmes
1867,12.0076278,12.00297746,3,-0.004650342717,NWAmes
1868,12.12811651,12.19657779,3,0.06846127713,NWAmes
1869,12.14685859,12.2143887,3,0.06753010873,NWAmes
1870,12.44902275,12.42897691,3,-0.02004583635,NWAmes
1871,11.82704984,11.83294297,3,0.005893129073,NWAmes
1872,11.97351618,11.97764607,3,0.004129884896,NWAmes
1873,12.07540002,12.00276442,3,-0.07263560315,NWAmes
1875,11.75195024,11.80141032,3,0.04946007595,NAmes
1876,11.8706069,11.84944376,3,-0.02116313893,NAmes
1877,11.9576177,11.89494398,3,-0.06267371981,NAmes
1878,11.87757552,11.84557361,3,-0.03200191628,NAmes
1879,11.68688718,11.79332307,3,0.1064358969,NAmes
1880,11.54249398,11.54921736,3,0.006723385009,NAmes
1881,11.84869031,11.75588086,3,-0.0928094514,NAmes
1882,11.9283475,11.83016918,3,-0.09817832323,NAmes
1883,11.74800549,11.752326,3,0.004320512456,NAmes
1884,11.88449592,11.86766081,3,-0.01683511011,NAmes
1885,11.69525536,11.73049505,3,0.03523969039,NAmes
1886,11.72804491,11.73528903,3,0.007244116825,NAmes
1887,11.57590965,11.53315266,3,-0.04275699834,NAmes
1888,11.85296989,11.86273479,3,0.009764905235,NAmes
1889,11.83138647,11.84269068,3,0.0113042157,NAmes
1890,11.67505282,11.65786371,3,-0.01718910474,NAmes
1891,12.00457439,12.00593762,3,0.001363233326,NAmes
1892,11.98916586,11.84289515,3,-0.1462707085,NAmes
1893,11.97035664,12.0042066,3,0.03384996367,NAmes
1894,12.32163544,12.27170751,3,-0.04992793371,NAmes
1895,11.89819467,11.88265968,3,-0.015534987,NAmes
1896,12.20607765,12.32952718,3,0.1234495343,NAmes
1898,11.92338475,11.90567037,3,-0.01771437749,NAmes
1899,11.53077521,11.52082597,3,-0.009949237151,NAmes
1900,11.72804491,11.77130341,3,0.04325849778,NAmes
1902,10.57900524,10.53939472,3,-0.03961051953,BrkSide
1903,11.07443601,11.02626964,3,-0.04816637136,BrkSide
1904,11.06665399,11.03038434,3,-0.03626964606,BrkSide
1906,12.01370681,12.02215554,3,0.008448723268,NAmes
1907,11.87757552,11.84818082,3,-0.02939470263,NAmes
1908,11.8277435,11.75895242,3,-0.06879108199,NAmes
1909,11.56172515,11.71227666,3,0.1505515051,NAmes
1910,11.89478753,11.94873511,3,0.05394757807,NAmes
1911,11.74404512,11.82402692,3,0.0799818024,NAmes
1912,12.07254697,11.94969241,3,-0.1228545618,NAmes
1913,11.97351618,11.99239223,3,0.01887604399,NAmes
1914,11.64833884,11.63281778,3,-0.01552105901,NAmes
1915,11.87757552,11.80890938,3,-0.0686661454,NAmes
1917,11.85652226,11.85651595,3,-6.315074028e-06,NAmes
1919,11.86429335,11.87640824,3,0.01211489127,NAmes
1921,11.96972353,11.95301984,3,-0.01670369347,NAmes
1923,11.91839724,11.92769555,3,0.009298307527,NAmes
1924,11.69525536,11.69882257,3,0.003567211527,NAmes
1925,12.07168946,12.02312369,3,-0.04856576743,NAmes
1927,11.81303746,11.76430187,3,-0.04873559409,NAmes
1928,12.00457439,12.05874777,3,0.05417338078,NAmes
1930,11.77144388,11.75049527,3,-0.02094860993,NAmes
1931,11.86358938,11.92585005,3,0.06226066894,NAmes
1932,11.76446987,11.78409814,3,0.01962827008,NAmes
1933,11.73607702,11.72882183,3,-0.007255184231,NAmes
1934,11.82041752,11.80598876,3,-0.01442876121,NAmes
1935,11.80932691,11.8266812,3,0.01735428945,NAmes
1936,11.75195024,11.77875026,3,0.02680001579,NAmes
1939,11.6690827,11.74238425,3,0.07330154611,NAmes
1940,11.79056478,11.78608048,3,-0.004484301564,NAmes
1941,11.93819974,11.89458825,3,-0.0436114879,NAmes
1942,11.63071739,11.65141061,3,0.02069321647,OldTown
1943,11.83501621,11.69014393,3,-0.1448722805,OldTown
1944,11.81303746,11.78044257,3,-0.03259489117,NAmes
1947,11.59911234,11.59820939,3,-0.000902949599,OldTown
1948,11.54443382,11.4473812,3,-0.0970526254,OldTown
1949,11.76369197,11.86361166,3,0.09991969868,OldTown
1950,11.07443601,11.50234584,3,0.4279098325,OldTown
1951,11.90497431,11.84572856,3,-0.0592457477,OldTown
1952,11.3621142,11.34452291,3,-0.0175912932,OldTown
1953,12.05525557,12.10265694,3,0.04740136923,NAmes
1954,11.69525536,11.70458478,3,0.009329422127,NAmes
1955,11.76369197,11.78618502,3,0.02249305341,NAmes
1956,11.81303746,12.14275743,3,0.3297199666,NAmes
1957,11.71913443,11.6816617,3,-0.0374727275,NAmes
1958,11.68856642,11.71005617,3,0.02148974917,NAmes
1959,11.8706069,11.95116441,3,0.08055750852,NAmes
1960,11.68688718,11.70108989,3,0.01420271078,NAmes
1961,11.5327379,11.57261198,3,0.03987408798,NAmes
1962,11.76757544,11.79299229,3,0.02541685428,NAmes
1963,11.81303746,11.80186286,3,-0.01117460078,NAmes
1966,11.93164238,11.8759785,3,-0.05566388059,NAmes
1967,11.96081768,11.95790021,3,-0.002917468465,NAmes
1968,11.85652226,11.71387531,3,-0.1426469465,NAmes
1969,11.50288523,11.57331108,3,0.0704258481,NAmes
1971,12.04061411,11.91440302,3,-0.1262110825,NAmes
1972,11.74006901,11.61823826,3,-0.1218307445,NAmes
1975,11.79056478,11.80250538,3,0.01194060188,OldTown
1976,11.75587949,11.69890841,3,-0.05697107825,OldTown
1978,11.84940484,11.77335716,3,-0.07604768261,OldTown
1982,11.81303746,11.78770861,3,-0.02532885639,OldTown
1983,11.69525536,11.63057074,3,-0.06468461895,OldTown
1985,11.3504183,11.38277246,3,0.03235415579,OldTown
1986,11.59451467,11.4254243,3,-0.1690903636,OldTown
1987,11.8277435,11.8288771,3,0.001133594784,OldTown
1988,11.61277985,11.53306499,3,-0.07971486166,OldTown
1989,11.51293546,11.62222378,3,0.1092883186,OldTown
1991,11.88449592,11.83936688,3,-0.04512903762,OldTown
1992,11.73607702,11.74730711,3,0.01123008919,OldTown
1993,11.6439625,11.60190932,3,-0.04205317998,OldTown
1994,11.40757606,11.7312564,3,0.3236803443,OldTown
1995,11.87826972,11.90662569,3,0.02835596926,OldTown
1996,11.67420212,11.74838057,3,0.07417844194,OldTown
1997,11.73206903,11.77940576,3,0.04733673343,OldTown
1998,12.12811651,12.17887264,3,0.05075613414,OldTown
1999,11.804856,12.09058575,3,0.2857297464,OldTown
2000,11.93164238,11.89857809,3,-0.03306428642,OldTown
2001,11.94146236,11.84924938,3,-0.09221298015,OldTown
2002,11.97980547,12.1867268,3,0.206921326,OldTown
2003,11.37367489,11.60973013,3,0.2360552409,OldTown
2004,11.55695192,11.4226905,3,-0.1342614209,OldTown
2005,11.60824474,11.71253797,3,0.1042932321,OldTown
2006,11.82408722,11.71640616,3,-0.1076810604,BrkSide
2008,11.87757552,11.70814365,3,-0.1694318681,BrkSide
2009,12.25486757,12.13321651,3,-0.1216510603,BrkSide
2011,11.75979336,11.72568674,3,-0.03410661506,BrkSide
2012,11.78296024,11.79692869,3,0.01396845226,BrkSide
2013,11.63515195,11.63146222,3,-0.003689724859,BrkSide
2015,11.79056478,11.75411409,3,-0.03645069155,BrkSide
2016,11.78866906,11.84213783,3,0.05346876904,BrkSide
2017,11.79434547,11.74957378,3,-0.04477169139,BrkSide
2018,11.83138647,11.8369642,3,0.005577732218,BrkSide
2019,11.79056478,11.81309263,3,0.0225278508,BrkSide
2020,11.75587949,11.81780474,3,0.06192525776,BrkSide
2021,11.5327379,11.57497585,3,0.04223795149,BrkSide
2022,12.20607765,12.10980796,3,-0.09626968539,OldTown
2023,12.1034916,12.0472523,3,-0.05623929525,BrkSide
2024,12.01370681,11.86081087,3,-0.1528959404,BrkSide
2026,11.94195084,11.86737072,3,-0.07458012228,BrkSide
2028,11.82041752,12.00673713,3,0.1863196172,OldTown
2029,11.63515195,11.3689821,3,-0.266169849,OldTown
2030,11.66993776,11.30817488,3,-0.3617628769,OldTown
2032,11.84510995,11.77389561,3,-0.07121434439,IDOTRR
2034,11.75195024,11.73769026,3,-0.0142599785,IDOTRR
2035,11.85652226,11.79851418,3,-0.0580080788,IDOTRR
2036,12.26576036,12.21883839,3,-0.04692196597,IDOTRR
2038,11.50792297,11.65266515,3,0.1447421789,IDOTRR
2039,11.5228857,11.50671652,3,-0.01616917565,IDOTRR
2040,11.60733524,11.68850769,3,0.08117245229,IDOTRR
2041,11.76369197,11.7310271,3,-0.03266487021,OldTown
2042,11.71178452,11.73153854,3,0.01975402186,OldTown
2043,11.37367489,11.42142869,3,0.04775379695,OldTown
2044,10.81979828,11.21766102,3,0.3978627357,IDOTRR
2045,12.29683157,12.32957846,3,0.03274688591,Sawyer
2046,12.20857451,12.26446303,3,0.05588851523,ClearCr
2048,11.59451467,11.67170708,3,0.07719241585,SWISU
2050,11.97320068,11.9905424,3,0.01734172506,Sawyer
2051,11.6561683,11.53405894,3,-0.1221093633,Sawyer
2052,11.68267668,11.63910574,3,-0.04357094313,Sawyer
2053,12.01370681,11.95073482,3,-0.06297199623,Sawyer
2054,11.71994776,11.74254107,3,0.02259330699,Sawyer
2055,11.76757544,11.77576029,3,0.008184850882,Sawyer
2056,11.73607702,11.61977029,3,-0.1163067275,Sawyer
2057,11.58989577,11.64800477,3,0.05810900601,Sawyer
2058,11.69442168,11.78975305,3,0.09533136521,Sawyer
2059,11.6526961,11.61494436,3,-0.03775174662,Sawyer
2060,11.80932691,11.72425693,3,-0.08506997946,Sawyer
2061,11.75195024,11.79784498,3,0.04589473809,Sawyer
2062,11.76757544,11.7534719,3,-0.0141035358,Sawyer
2064,11.76757544,11.76979328,3,0.002217844594,Sawyer
2065,12.13886924,11.98023951,3,-0.1586297361,Sawyer
2066,11.97035664,12.08676674,3,0.1164101003,Sawyer
2069,11.91839724,11.95291324,3,0.03451599893,Sawyer
2070,11.8277435,11.881183,3,0.05343949371,Sawyer
2071,11.40200508,11.437396,3,0.03539092561,Sawyer
2072,12.61818561,12.59777591,3,-0.02040969736,ClearCr
2075,12.28303832,11.94327173,3,-0.3397665857,Edwards
2076,11.77529742,11.94619818,3,0.1709007575,Edwards
2077,11.60733524,11.42813958,3,-0.1791956614,Edwards
2078,12.44902275,12.42942603,3,-0.01959671977,ClearCr
2079,12.40082084,12.28948603,3,-0.1113348061,Edwards
2080,11.94471437,11.96190967,3,0.01719529159,Edwards
2082,11.28979441,11.37937723,3,0.08958281446,Edwards
2083,11.91839724,11.68403711,3,-0.2343601251,Edwards
2085,11.77529742,11.78219862,3,0.00690120228,Edwards
2086,11.73607702,11.82405245,3,0.08797543,Edwards
2087,11.82408722,11.88536638,3,0.06127915652,Edwards
2088,11.47211389,11.49030471,3,0.01819081933,Edwards
2090,12.33929587,12.09640502,3,-0.2428908422,SawyerW
2091,12.10016198,12.15982989,3,0.05966791534,SawyerW
2092,12.32386013,12.38629647,3,0.06243634926,SawyerW
2093,12.61486887,12.53083626,3,-0.08403260187,SawyerW
2094,12.38003015,12.4686287,3,0.08859854277,SawyerW
2095,12.33929587,12.32009043,3,-0.01920543599,SawyerW
2096,12.30138737,12.29549357,3,-0.005893796554,SawyerW
2097,12.85832231,12.76612329,3,-0.09219901824,CollgCr
2098,12.95954087,12.83952113,3,-0.1200197401,CollgCr
2099,12.4292202,12.45642575,3,0.02720555485,CollgCr
2101,12.54076115,12.30828708,3,-0.2324740677,CollgCr
2102,12.20678239,12.18373895,3,-0.02304344802,CollgCr
2103,12.41512133,12.44258512,3,0.02746379239,CollgCr
2104,12.52815977,12.73003785,3,0.201878087,CollgCr
2105,12.22096618,12.19478536,3,-0.02618082836,CollgCr
2106,11.95655945,12.13133775,3,0.1747782964,CollgCr
2108,12.18280914,12.15839096,3,-0.0244181733,CollgCr
2109,12.28765724,12.28659215,3,-0.00106508982,CollgCr
2110,12.26904744,12.30531159,3,0.03626414504,CollgCr
2111,12.07767662,12.08808647,3,0.01040985037,CollgCr
2112,12.16003394,12.26699238,3,0.1069584349,CollgCr
2113,12.08069648,12.1051301,3,0.02443362088,CollgCr
2114,12.5317764,12.41775213,3,-0.1140242672,SawyerW
2116,12.5317764,12.60187015,3,0.07009375303,ClearCr
2117,12.38839837,12.53892431,3,0.1505259451,ClearCr
2118,12.14153946,12.30196007,3,0.1604206129,ClearCr
2119,12.53897065,12.42123416,3,-0.1177364848,ClearCr
2120,11.84582705,11.90795891,3,0.06213186327,CollgCr
2122,12.08673152,12.06256009,3,-0.02417143388,CollgCr
2123,12.07254697,12.0592056,3,-0.01334136568,CollgCr
2124,12.25961815,12.18755051,3,-0.07206763786,CollgCr
2125,11.89136875,11.88923728,3,-0.002131467909,CollgCr
2126,11.90429841,11.93121009,3,0.02691167621,CollgCr
2127,11.72481391,11.65935955,3,-0.06545436531,CollgCr
2128,12.22954989,12.20486015,3,-0.02468973404,CollgCr
2129,12.36947044,12.31928345,3,-0.05018699286,CollgCr
2130,12.28765724,12.25546466,3,-0.03219257727,CollgCr
2131,12.15767515,12.15322493,3,-0.004450225343,CollgCr
2132,12.28995873,12.32364649,3,0.03368776073,CollgCr
2133,12.3282947,12.28412634,3,-0.0441683656,CollgCr
2134,12.10071769,12.16724248,3,0.0665247951,CollgCr
2135,11.78296024,11.74145215,3,-0.04150808415,CollgCr
2138,11.81229646,11.84166301,3,0.02936655148,CollgCr
2139,11.77529742,11.6638571,3,-0.1114403226,CollgCr
2141,11.63071739,11.66105337,3,0.03033598153,CollgCr
2142,11.71178452,11.8196501,3,0.1078655841,CollgCr
2145,12.6310168,12.59846156,3,-0.03255524323,CollgCr
2146,12.33929587,12.40699896,3,0.06770309121,CollgCr
2147,12.50618094,12.45470866,3,-0.05147227772,CollgCr
2148,12.16525586,12.17775298,3,0.01249712513,CollgCr
2149,12.26905214,12.34136173,3,0.07230959347,CollgCr
2151,12.49500768,12.50134613,3,0.00633844515,CollgCr
2152,12.33710529,12.38914409,3,0.05203879533,CollgCr
2153,12.52453001,12.61014137,3,0.0856113549,CollgCr
2154,12.25961815,12.34187343,3,0.08225528035,CollgCr
2155,12.56024797,12.55128255,3,-0.008965413874,CollgCr
2156,12.38839837,12.48726138,3,0.09886301259,CollgCr
2157,11.78676974,11.84410455,3,0.05733481311,CollgCr
2158,12.41674273,12.36450877,3,-0.05223395404,CollgCr
2160,12.12811651,12.17614894,3,0.04803242644,CollgCr
2161,12.0973788,12.11289087,3,0.01551206743,CollgCr
2162,12.2713968,12.25535915,3,-0.0160376501,CollgCr
2163,12.098493,12.16410186,3,0.06560885228,CollgCr
2164,12.06393864,12.14680788,3,0.08286924245,CollgCr
2165,12.03077238,12.10064757,3,0.0698751889,CollgCr
2166,12.03573499,12.1167232,3,0.0809882056,CollgCr
2169,11.68267668,11.82906583,3,0.1463891509,Edwards
2170,11.60824474,11.69712093,3,0.08887619471,Edwards
2171,11.45900768,11.62103303,3,0.1620253571,Edwards
2172,11.71178452,11.85207578,3,0.1402912574,Edwards
2174,11.68267668,11.64964423,3,-0.03303244747,Edwards
2175,11.80186425,11.82327931,3,0.02141505923,Edwards
2176,11.90497431,11.97187039,3,0.06689608415,Edwards
2177,11.85652226,11.95808493,3,0.1015626718,Edwards
2179,11.96400745,11.96757797,3,0.003570515569,Edwards
2183,11.84940484,11.87647115,3,0.02706630421,Edwards
2185,11.02680871,11.21509393,3,0.1882852122,Edwards
2186,11.61729449,11.59238677,3,-0.02490771923,Edwards
2187,11.49782198,11.55982875,3,0.06200676744,Edwards
2188,11.27721579,11.34924308,3,0.07202728804,Edwards
2191,11.62626308,11.62296898,3,-0.003294098142,Edwards
2192,11.73607702,11.52677868,3,-0.2092983327,Edwards
2193,11.28069071,11.57936349,3,0.2986727785,Edwards
2194,11.68688718,11.65172784,3,-0.03515933214,Edwards
2195,12.20607765,12.03881324,3,-0.1672644081,SWISU
2197,12.01370681,12.01926666,3,0.005559847738,Crawfor
2198,11.47730865,11.31775356,3,-0.1595550866,Crawfor
2199,11.82408722,11.7959803,3,-0.028106922,Crawfor
2200,11.89478753,11.89700408,3,0.002216547875,Crawfor
2201,12.07254697,11.98570004,3,-0.0868469253,SWISU
2202,11.90834697,11.85071778,3,-0.05762918977,Crawfor
2203,11.86006206,11.81282924,3,-0.04723281858,Crawfor
2204,12.15452142,12.06725503,3,-0.08726638924,Crawfor
2205,11.81303746,11.9212377,3,0.1082002325,Crawfor
2207,11.41145736,11.4736892,3,0.06223183262,Crawfor
2208,11.84223641,11.78123774,3,-0.06099866232,Crawfor
2209,11.69316987,11.67953145,3,-0.0136384173,Crawfor
2210,11.88449592,11.97508666,3,0.09059073853,Crawfor
2211,11.88449592,11.89463342,3,0.0101375012,Crawfor
2212,12.38003015,12.17125909,3,-0.208771066,Crawfor
2213,11.94146236,11.77862228,3,-0.1628400788,Crawfor
2214,12.38422302,12.33160295,3,-0.05262006372,Crawfor
2215,12.79135896,12.62947264,3,-0.1618863288,Crawfor
2216,12.14420256,11.94215834,3,-0.2020442163,Crawfor
2217,12.30138737,12.16613078,3,-0.1352565885,Crawfor
2218,11.84940484,11.81728771,3,-0.03211713457,Crawfor
2219,12.66033109,12.58542586,3,-0.07490523217,Crawfor
2220,12.46651584,12.37982061,3,-0.0866952276,Crawfor
2221,12.45877888,12.45658616,3,-0.002192721616,Crawfor
2223,12.28765724,12.37130135,3,0.08364410894,Crawfor
2224,12.21106516,12.17305654,3,-0.03800862304,Crawfor
2225,12.27839796,12.2429702,3,-0.03542775664,Crawfor
2227,12.0435596,12.11010353,3,0.06654393603,Crawfor
2228,12.20607765,11.9520179,3,-0.2540597411,Blueste
2229,12.19602736,12.32720685,3,0.1311794927,Crawfor
2230,12.20919277,12.31784414,3,0.1086513663,Crawfor
2232,11.6526961,11.63185514,3,-0.02084096546,IDOTRR
2235,11.77414292,11.74316364,3,-0.03097928179,IDOTRR
2236,11.51293546,11.4946276,3,-0.01830786682,IDOTRR
2237,11.92443891,11.85869747,3,-0.06574144042,IDOTRR
2238,11.22791981,11.32576272,3,0.09784291673,IDOTRR
2239,11.68183245,11.6463976,3,-0.03543484775,IDOTRR
2240,11.11246282,11.20404513,3,0.09158230439,IDOTRR
2241,11.93164238,11.78919591,3,-0.1424464693,IDOTRR
2242,11.12880591,10.98325212,3,-0.145553787,IDOTRR
2243,11.69191648,11.58129374,3,-0.1106227419,IDOTRR
2244,11.84940484,11.63878893,3,-0.210615915,IDOTRR
2245,11.7352767,11.55613528,3,-0.1791414179,IDOTRR
2246,12.83468397,12.59516649,3,-0.2395174835,Crawfor
2247,12.36734505,12.64863594,3,0.2812908925,Crawfor
2249,11.9576177,11.94840204,3,-0.009215656401,Mitchel
2250,11.80560254,11.8512667,3,0.04566415579,Mitchel
2251,12.27839796,12.14755307,3,-0.1308448855,Mitchel
2252,12.40901757,12.33874982,3,-0.07026775361,Mitchel
2253,12.25486757,12.16944932,3,-0.08541825445,Mitchel
2255,11.8706069,11.91525128,3,0.04464437355,Mitchel
2256,12.4049276,12.29055218,3,-0.114375424,Timber
2258,12.0435596,12.02751841,3,-0.01604119067,Timber
2259,12.45683525,12.31810132,3,-0.1387339306,Timber
2261,12.49613064,12.40128259,3,-0.09484805558,Timber
2262,12.49087934,12.36316545,3,-0.1277138866,Timber
2263,12.38422302,12.43733122,3,0.05310820845,Timber
2264,12.42481051,12.44657708,3,0.02176657818,Timber
2265,12.06681633,12.11115492,3,0.04433859797,Timber
2266,12.14153946,12.271307,3,0.1297675417,Timber
2267,12.22588017,12.22815835,3,0.002278176117,Timber
2269,12.14153946,12.18853814,3,0.04699867842,Timber
2270,12.5496659,12.61825498,3,0.06858908822,Timber
2272,12.50618094,12.53238262,3,0.02620168039,Timber
2274,12.13726369,12.20949598,3,0.07223229792,Timber
2275,12.55484041,12.61578963,3,0.06094922394,Timber
2276,12.87901967,12.72736874,3,-0.1516509337,Timber
2279,11.77529742,11.92479495,3,0.1494975299,Mitchel
2280,11.84940484,11.88239684,3,0.03299199349,Mitchel
2282,11.8706069,11.83623822,3,-0.03436868005,Mitchel
2283,12.03172521,12.06764896,3,0.03592374716,Mitchel
2284,11.7745279,11.83502743,3,0.06049953009,MeadowV
2286,11.35628335,11.30110091,3,-0.05518243934,MeadowV
2287,11.57590965,11.4496474,3,-0.1262622575,MeadowV
2289,11.22525673,11.30001168,3,0.07475495749,MeadowV
2290,11.34451865,11.27972114,3,-0.06479751178,MeadowV
2291,11.22778682,11.26286511,3,0.03507828997,MeadowV
2292,11.89683321,11.91816932,3,0.02133611272,Mitchel
2293,11.94146236,11.90548916,3,-0.03597320411,Mitchel
2294,12.14420256,12.17344505,3,0.02924248779,Mitchel
2295,12.18587504,12.15748243,3,-0.02839260712,Mitchel
2296,11.96400745,12.0345744,3,0.07056694258,Mitchel
2297,11.83501621,11.6334084,3,-0.2016078056,Mitchel
2298,11.77144388,11.76982322,3,-0.001620661999,Mitchel
2299,11.28979441,11.74440107,3,0.4546066541,Mitchel
2300,11.77144388,11.65987428,3,-0.1115696041,Mitchel
2301,11.81303746,11.9832965,3,0.1702590358,Mitchel
2303,11.84223641,11.76725662,3,-0.07497979034,Mitchel
2304,11.44572741,11.67794935,3,0.2322219372,Mitchel
2305,11.73206903,11.73996504,3,0.007896014235,Mitchel
2306,11.91773036,11.95345032,3,0.03571996112,NAmes
2307,11.96718709,11.90775363,3,-0.05943345688,NAmes
2308,12.03765991,12.06039385,3,0.02273394037,NAmes
2309,12.43718833,12.28360867,3,-0.1535796684,NAmes
2310,12.16577655,12.22594446,3,0.06016790566,NAmes
2311,12.1199754,12.11287834,3,-0.007097059836,Gilbert
2312,12.31043717,12.29427111,3,-0.01616605866,Gilbert
2313,12.0435596,12.09075667,3,0.04719706906,Gilbert
2314,12.14153946,12.08633913,3,-0.05520032279,Gilbert
2315,12.21602793,12.11680592,3,-0.09922200823,Gilbert
2317,12.6760794,12.5551591,3,-0.1209203013,Gilbert
2319,12.4292202,12.40431825,3,-0.02490194372,Gilbert
2322,12.52352952,12.3904156,3,-0.1331139132,Gilbert
2323,12.50618094,12.60206326,3,0.09588232048,StoneBr
2324,12.1199754,12.05912422,3,-0.0608511756,Gilbert
2325,12.01733656,12.06432438,3,0.04698781598,Gilbert
2326,12.08108182,12.11832162,3,0.03723980054,Gilbert
2327,11.77529742,11.99462561,3,0.2193281874,StoneBr
2328,12.38422302,12.25694585,3,-0.1272771625,StoneBr
2329,12.52453001,12.47048845,3,-0.05404155897,StoneBr
2331,13.20895383,13.08796631,3,-0.1209875274,StoneBr
2332,12.78376408,12.77163939,3,-0.01212468995,StoneBr
2333,13.22956979,12.99148999,3,-0.2380797976,StoneBr
2334,12.79917847,12.73141298,3,-0.06776548818,StoneBr
2335,13.1900239,13.01105876,3,-0.1789651327,StoneBr
2336,12.90216548,12.90726231,3,0.005096829395,StoneBr
2337,12.99175571,12.93566843,3,-0.05608727521,StoneBr
2338,12.03765991,11.97769761,3,-0.05996229956,Gilbert
2339,11.88449592,11.80686479,3,-0.07763112561,Gilbert
2340,12.66980981,12.67643276,3,0.006622952885,StoneBr
2341,12.67294952,12.6893384,3,0.01638888445,StoneBr
2342,13.0604901,12.98060645,3,-0.07988365043,StoneBr
2344,12.34148165,12.41396729,3,0.07248563921,NWAmes
2345,12.36734505,12.40749021,3,0.04014515817,NWAmes
2346,12.15478461,12.11408296,3,-0.04070165284,NWAmes
2348,12.39462889,12.31879746,3,-0.07583143305,NWAmes
2349,12.14897835,12.08216618,3,-0.06681216509,NWAmes
2350,12.24289144,12.21941833,3,-0.0234731049,NWAmes
2353,12.05525557,12.07936466,3,0.02410909164,NWAmes
2354,12.59243648,12.48192946,3,-0.1105070181,Somerst
2355,12.12541016,12.13844163,3,0.01303146461,NWAmes
2358,12.10625784,12.10179921,3,-0.00445862228,NWAmes
2359,11.95118685,11.90541971,3,-0.04576713369,NWAmes
2361,11.66178503,11.55477842,3,-0.107006607,NAmes
2362,11.38510346,11.486034,3,0.1009305432,NAmes
2363,11.48761791,11.5160019,3,0.02838398648,NAmes
2364,12.15478461,12.160208,3,0.005423389563,NAmes
2365,11.56647571,11.55015702,3,-0.0163186896,BrDale
2366,11.74006901,11.70768197,3,-0.03238703698,BrDale
2367,11.32660793,11.50197203,3,0.1753640932,BrDale
2368,11.66135409,11.56181028,3,-0.09954381474,BrDale
2369,11.42410518,11.49196103,3,0.06785584785,BrDale
2371,11.39640288,11.47515034,3,0.07874745949,BrDale
2372,11.58989577,11.5310714,3,-0.05882436816,BrDale
2373,11.4563657,11.45901985,3,0.002654151553,BrDale
2374,11.89342142,11.895324,3,0.001902582513,NPkVill
2375,11.88449592,11.89336049,3,0.008864574879,NAmes
2376,11.71994776,11.76881298,3,0.04886521812,NAmes
2378,11.87757552,11.85697744,3,-0.02059808298,NPkVill
2379,12.66033109,12.82390998,3,0.163578883,NridgHt
2381,12.74444729,12.75107159,3,0.006624306698,NridgHt
2382,12.43718833,12.45803047,3,0.02084213031,NridgHt
2383,13.04979484,12.97587161,3,-0.07392322658,NridgHt
2384,12.5879313,12.4473456,3,-0.1405857057,NridgHt
2385,12.93603621,12.92813869,3,-0.007897513908,NridgHt
2386,12.69465573,12.76889574,3,0.07424001231,NridgHt
2387,12.69250619,12.68469907,3,-0.007807115957,NridgHt
2388,12.64109979,12.67459108,3,0.0334912892,NridgHt
2389,12.61154109,12.64471027,3,0.03316918601,NridgHt
2390,12.52634654,12.4959186,3,-0.03042793577,NridgHt
2391,12.73228233,12.75545991,3,0.02317758081,NridgHt
2392,12.75130259,12.82925384,3,0.07795124595,NridgHt
2396,12.79386209,12.82322771,3,0.0293656251,NridgHt
2397,12.54611351,12.51676778,3,-0.02934572616,NridgHt
2398,12.82771845,12.76393148,3,-0.06378697424,NridgHt
2400,12.83201375,12.79018573,3,-0.04182801915,NridgHt
2401,12.9880431,13.01985594,3,0.03181283862,NridgHt
2402,12.52453001,12.516719,3,-0.007811011449,NridgHt
2404,12.13270056,12.29365444,3,0.1609538845,NridgHt
2405,12.55143737,12.51777413,3,-0.03366324189,NridgHt
2406,12.2185001,12.19658867,3,-0.02191143454,NridgHt
2407,12.21931458,12.18236043,3,-0.0369541511,NridgHt
2408,12.71349549,12.69092105,3,-0.02257443192,NridgHt
2409,12.64462108,12.55002996,3,-0.09459112292,NridgHt
2410,12.05380103,12.15939088,3,0.1055898453,NridgHt
2411,12.04350077,12.09340148,3,0.04990070668,Gilbert
2412,12.04614447,12.04590672,3,-0.0002377568018,Gilbert
2413,12.04347136,12.09137794,3,0.04790658427,Gilbert
2415,12.29779002,12.32982137,3,0.03203135764,Gilbert
2416,12.06790768,12.11584467,3,0.04793699397,Gilbert
2417,12.05980911,12.07141838,3,0.01160926841,Gilbert
2419,12.1286623,12.11272872,3,-0.01593358505,Gilbert
2420,12.25605733,12.18225109,3,-0.07380624396,Blmngtn
2421,12.36308067,12.18509354,3,-0.1779871258,Blmngtn
2422,12.27839796,12.21878413,3,-0.05961383035,Blmngtn
2423,12.41710718,12.25214931,3,-0.1649578641,Blmngtn
2424,12.09369311,12.10293095,3,0.0092378434,Blmngtn
2425,12.32386013,12.22817247,3,-0.09568765836,Blmngtn
2426,12.02719116,12.06187861,3,0.03468744965,Blmngtn
2427,11.96286031,12.03323651,3,0.07037620364,Blmngtn
2428,12.27134996,12.20437306,3,-0.06697689181,Blmngtn
2429,12.48583091,12.48827038,3,0.002439474217,Blmngtn
2430,12.41543771,12.33745651,3,-0.07798120097,Blmngtn
2431,12.16598476,12.16193693,3,-0.004047825654,Gilbert
2433,12.08954445,12.18875033,3,0.09920588726,Gilbert
2434,12.21349999,12.16975091,3,-0.0437490888,Gilbert
2436,12.10071769,12.1165061,3,0.01578841344,Gilbert
2437,12.05757844,12.09548801,3,0.0379095716,Gilbert
2438,12.27839796,12.1982486,3,-0.08014935901,Gilbert
2439,12.20557752,12.21959153,3,0.01401400276,Gilbert
2440,12.06105265,12.16012563,3,0.09907297196,Gilbert
2441,12.56933634,12.4151163,3,-0.1542200381,Gilbert
2442,12.34583894,12.32761941,3,-0.01821952476,Gilbert
2443,12.75996063,12.65126969,3,-0.1086909373,NoRidge
2444,12.56375059,12.51341105,3,-0.05033953929,NoRidge
2445,12.61154109,12.55460279,3,-0.05693830098,NoRidge
2446,13.34550853,13.13434588,3,-0.2111626451,NoRidge
2447,12.91164482,12.90096722,3,-0.01067759027,NoRidge
2448,12.54254845,12.56886601,3,0.02631756076,NoRidge
2450,12.76569129,12.64228188,3,-0.1234094106,NoRidge
2451,13.27851377,13.16051867,3,-0.1179951056,NoRidge
2453,12.57763965,12.64318214,3,0.06554249341,NoRidge
2454,12.66033109,12.72637015,3,0.06603905289,NoRidge
2455,12.43718833,12.44736245,3,0.01017411181,Somerst
2456,12.72730691,12.66690827,3,-0.0603986412,Somerst
2458,12.57763965,12.54658329,3,-0.03105635841,Somerst
2459,12.35449696,12.34891365,3,-0.005583311445,Somerst
2460,12.20106513,12.28966633,3,0.08860120064,Somerst
2461,12.19905307,12.23426064,3,0.03520757573,Somerst
2462,12.91349249,12.99684529,3,0.08335280901,Somerst
2465,12.13619188,12.17113948,3,0.03494760004,Somerst
2466,12.21019414,12.18344421,3,-0.02674993105,Somerst
2468,12.12811651,12.17467764,3,0.04656112625,Somerst
2469,12.07824496,12.17931616,3,0.1010712062,Somerst
2470,12.1428719,12.23605457,3,0.09318267577,Somerst
2471,11.84582705,11.83839167,3,-0.007435380103,SawyerW
2473,11.79056478,11.84516338,3,0.05459860587,SawyerW
2475,11.97035664,12.04705095,3,0.07669430615,SawyerW
2476,12.12269647,12.17697539,3,0.05427891602,SawyerW
2478,12.13886924,12.1183232,3,-0.02054604746,SawyerW
2479,12.07767662,12.08063146,3,0.002954847154,SawyerW
2480,12.42320215,12.18221026,3,-0.2409918874,SawyerW
2481,12.05525557,12.09734517,3,0.04208960347,SawyerW
2482,11.92504174,11.98345895,3,0.05841721053,SawyerW
2483,11.91839724,11.95994625,3,0.04154901053,SawyerW
2484,11.58059346,11.65353107,3,0.07293761232,SawyerW
2485,11.69442168,11.69242898,3,-0.001992699534,SawyerW
2486,11.77144388,11.65798794,3,-0.1134559451,Sawyer
2487,11.73607702,11.87244018,3,0.136363168,Sawyer
2488,11.69108002,11.76065613,3,0.06957611444,Sawyer
2489,11.87757552,11.8430184,3,-0.03455712523,Sawyer
2491,11.74404512,11.66321916,3,-0.08082595813,Sawyer
2492,11.66135409,11.64324858,3,-0.01810551569,Sawyer
2493,11.80186425,11.74227941,3,-0.05958484214,Sawyer
2496,11.72804491,11.59371878,3,-0.1343261311,Sawyer
2498,11.76912461,11.73157547,3,-0.03754914488,Sawyer
2499,12.46844076,12.53506692,3,0.06662616819,Veenker
2500,12.46844076,12.48823453,3,0.01979377193,NoRidge
2503,12.49874599,12.47000254,3,-0.02874345062,NoRidge
2504,12.4761036,12.50962138,3,0.03351777818,NoRidge
2505,12.08051509,12.06128091,3,-0.01923418471,Somerst
2506,12.19096408,12.27264887,3,0.08168478528,Somerst
2507,11.92504174,11.91395011,3,-0.01109162644,Somerst
2508,11.90091204,11.93763904,3,0.03672699398,Somerst
2509,11.91773036,11.94762926,3,0.02989890269,Somerst
2511,12.01974909,12.06834653,3,0.04859744067,Somerst
2515,12.20607765,12.19217697,3,-0.01390067558,Somerst
2516,12.30592251,12.35270752,3,0.04678501357,Somerst
2517,12.50618094,12.49122759,3,-0.01495335304,Veenker
2519,12.27373597,12.17596332,3,-0.09777264768,Greens
2520,12.14420256,12.05088604,3,-0.09331652066,Greens
2521,12.15478461,12.15262046,3,-0.002164152081,Greens
2522,12.0435596,12.12819826,3,0.08463866661,Greens
2523,12.86100121,12.76788265,3,-0.09311856252,Veenker
2526,12.47801017,12.42638791,3,-0.0516222584,NWAmes
2528,12.4292202,12.39662628,3,-0.03259392009,NWAmes
2529,12.01461549,11.96798836,3,-0.04662712505,NWAmes
2530,12.01067193,12.04144017,3,0.03076824239,NWAmes
2531,11.84940484,11.87640363,3,0.02699878689,NWAmes
2532,11.8167343,11.76447582,3,-0.05225847651,NAmes
2533,11.86358938,11.79502886,3,-0.06856052302,NAmes
2535,11.96718709,11.921771,3,-0.04541608655,NAmes
2536,11.83863282,11.80451403,3,-0.03411879802,NAmes
2537,11.84940484,11.76637661,3,-0.08302823337,NAmes
2538,11.7312655,11.75627699,3,0.02501149556,NAmes
2539,11.97035664,11.90166027,3,-0.06869637459,NAmes
2541,12.15478461,12.11869469,3,-0.03608992232,NWAmes
2542,11.82408722,11.81079662,3,-0.01329059732,NAmes
2543,11.7745279,11.66622438,3,-0.1083035224,NAmes
2544,11.88449592,11.97084949,3,0.08635357428,NAmes
2545,12.13296955,12.15157271,3,0.01860316133,NAmes
2546,11.98293534,11.94242666,3,-0.04050868733,NAmes
2547,12.02575508,12.07938382,3,0.05362873786,NAmes
2549,11.84940484,11.73536009,3,-0.1140447519,NAmes
2550,11.91839724,11.85233402,3,-0.06606322003,NAmes
2551,11.9283475,11.90172633,3,-0.02662117127,NAmes
2552,11.77375779,11.74294108,3,-0.03081670926,NAmes
2554,11.8277435,11.79944312,3,-0.02830038582,NAmes
2555,11.70850047,11.71078329,3,0.002282818308,BrkSide
2556,11.35628335,11.37300582,3,0.01672247022,BrkSide
2557,11.28854365,11.40746297,3,0.1189193188,BrkSide
2558,11.75195024,11.71194044,3,-0.04000979625,BrkSide
2559,11.98916586,11.96512798,3,-0.02403787676,NAmes
2561,11.81303746,11.8127774,3,-0.0002600669283,NAmes
2562,11.83429132,11.74481771,3,-0.08947361016,NAmes
2563,11.79811193,11.87038658,3,0.07227465219,NAmes
2566,11.68688718,11.80677714,3,0.1198899628,NAmes
2567,12.05525557,11.97375912,3,-0.08149645028,NAmes
2568,11.49883668,11.66093479,3,0.1620981067,NAmes
2569,12.3282947,12.3150184,3,-0.01327630359,NAmes
2570,11.67844838,11.67992926,3,0.001480883523,NAmes
2571,12.36734505,12.63554918,3,0.2682041293,NAmes
2572,11.81303746,11.80183731,3,-0.01120015154,NAmes
2573,11.79434547,11.85032271,3,0.05597723564,NAmes
2576,11.88621856,11.89134109,3,0.005122528641,NAmes
2577,11.99535779,11.92398921,3,-0.07136857936,NAmes
2578,11.90497431,11.94219582,3,0.03722151375,NAmes
2581,11.8089551,11.82517327,3,0.01621816588,NAmes
2583,11.9576177,11.90239767,3,-0.05522002207,NAmes
2584,11.84940484,11.90826544,3,0.0588605989,NAmes
2585,11.84582705,11.82359954,3,-0.02222750882,NAmes
2586,11.95118685,11.89699407,3,-0.05419277799,NAmes
2587,11.75195024,11.7246891,3,-0.02726113764,NAmes
2588,11.80186425,11.78987052,3,-0.01199372447,NAmes
2590,11.86358938,11.80536395,3,-0.05822542998,NAmes
2591,12.02575508,12.29067616,3,0.2649210775,NAmes
2592,11.97666577,11.87853241,3,-0.09813335985,NAmes
2594,11.75195024,11.80215406,3,0.05020381823,NAmes
2595,11.62626308,11.67616734,3,0.04990426618,OldTown
2597,11.66993776,11.68979309,3,0.01985532828,OldTown
2598,11.59433032,11.61666909,3,0.02233876593,OldTown
2599,11.12727769,11.06270312,3,-0.06457457295,NAmes
2600,11.37252482,11.39034266,3,0.01781784185,OldTown
2601,11.69525536,11.82334413,3,0.1280887772,OldTown
2602,11.95440744,12.0036134,3,0.04920596255,OldTown
2603,11.28979441,11.70877494,3,0.4189805289,OldTown
2604,11.56172515,11.44964049,3,-0.1120846593,OldTown
2605,11.98293534,11.72500483,3,-0.2579305121,OldTown
2606,12.0435596,11.94693339,3,-0.09662621087,OldTown
2608,11.9826228,11.84695875,3,-0.1356640486,NAmes
2609,12.01370681,11.89104181,3,-0.1226650052,NAmes
2611,11.89819467,11.86785725,3,-0.03033741921,NAmes
2612,11.6526961,11.6435308,3,-0.009165298409,NAmes
2613,11.97980547,11.96799496,3,-0.01181051204,NAmes
2615,11.7745279,11.7125163,3,-0.06201159636,NAmes
2616,12.1172469,12.1498662,3,0.03261930742,NAmes
2617,11.96718709,11.9416001,3,-0.02558698677,NAmes
2619,12.24289144,12.13665759,3,-0.106233845,NAmes
2620,11.90159023,11.80416381,3,-0.0974264289,NAmes
2621,11.81303746,11.35018105,3,-0.4628564103,NAmes
2622,11.60368896,11.61899027,3,0.01530130954,NAmes
2623,11.60733524,11.55214798,3,-0.05518726102,NAmes
2624,11.80336124,11.73456892,3,-0.06879232462,NAmes
2627,11.44572741,11.32767748,3,-0.1180499286,NAmes
2628,11.68688718,11.75720304,3,0.07031586664,NAmes
2629,11.85652226,11.86348528,3,0.00696301804,NAmes
2630,11.89136875,11.78439743,3,-0.1069713188,NAmes
2631,11.95118685,11.8690912,3,-0.08209564926,NAmes
2635,11.72804491,11.65513828,3,-0.07290662544,NAmes
2636,12.03765991,11.9663804,3,-0.0712795121,OldTown
2637,11.58059346,11.46482793,3,-0.1157655288,OldTown
2638,11.81303746,11.83184901,3,0.01881154427,OldTown
2639,11.62178884,11.61822024,3,-0.003568601071,OldTown
2640,11.96081768,11.87348695,3,-0.0873307314,OldTown
2641,12.08954445,12.03299712,3,-0.05654732225,OldTown
2642,11.84869031,11.8853559,3,0.03666559195,OldTown
2643,11.56172515,11.64435228,3,0.08262712694,OldTown
2644,11.60824474,11.53858313,3,-0.06966160255,OldTown
2645,11.62178884,11.71943072,3,0.09764187847,OldTown
2646,11.58989577,11.58480228,3,-0.005093486538,OldTown
2647,11.62178884,11.45812206,3,-0.1636667789,OldTown
2648,11.72804491,11.62491659,3,-0.10312832,OldTown
2649,11.56172515,11.46990795,3,-0.09181719869,OldTown
2651,11.48144512,11.53003922,3,0.04859410631,OldTown
2652,11.8167343,11.70161242,3,-0.1151218837,OldTown
2653,11.84223641,11.84831272,3,0.006076309682,OldTown
2654,11.02680871,11.07286285,3,0.04605413694,OldTown
2656,11.74543304,11.69574915,3,-0.04968388295,OldTown
2657,11.06665399,11.16392894,3,0.09727494962,OldTown
2658,11.8277435,11.70480219,3,-0.1229413145,OldTown
2659,11.37367489,11.43013531,3,0.05646041791,OldTown
2660,12.00151161,11.99058977,3,-0.0109218419,OldTown
2662,11.27721579,11.47743907,3,0.2002232772,OldTown
2663,11.87757552,11.94342915,3,0.06585362714,OldTown
2664,11.64837377,11.61237851,3,-0.03599526369,OldTown
2665,11.96400745,11.98200582,3,0.01799836749,OldTown
2666,11.73607702,11.6069612,3,-0.1291158162,OldTown
2667,13.07107219,12.73805384,3,-0.3330183488,OldTown
2668,11.44572741,11.47826092,3,0.03253351004,OldTown
2671,11.51293546,11.39952542,3,-0.1134100405,BrkSide
2672,11.85083239,11.81452672,3,-0.03630566757,BrkSide
2673,12.2185001,12.01920549,3,-0.1992946162,BrkSide
2675,11.69442168,11.74614874,3,0.05172705945,OldTown
2676,11.64833884,11.68313639,3,0.03479755522,BrkSide
2677,11.6526961,11.64533203,3,-0.007364071903,BrkSide
2678,11.22525673,11.53627645,3,0.3110197208,BrkSide
2679,11.38510346,11.60053735,3,0.2154338915,BrkSide
2680,11.29602489,11.13431845,3,-0.1617064345,BrkSide
2681,11.9117083,11.81939154,3,-0.09231676022,BrkSide
2685,11.63515195,11.67039008,3,0.03523812836,BrkSide
2687,12.30138737,12.19468744,3,-0.1066999324,OldTown
2688,11.76757544,11.68695769,3,-0.08061774665,BrkSide
2689,11.66993776,11.76472827,3,0.09479050831,OldTown
2690,10.8685875,10.92072331,3,0.05213581177,OldTown
2691,11.58059346,11.54964063,3,-0.03095283335,IDOTRR
2692,11.66565514,11.61522245,3,-0.05043268169,IDOTRR
2693,11.18443529,11.21875866,3,0.03432337527,IDOTRR
2695,11.74006901,11.76954303,3,0.02947402148,IDOTRR
2696,11.41862577,11.33650408,3,-0.08212169612,IDOTRR
2697,11.34451865,11.44967845,3,0.1051598044,IDOTRR
2698,11.40757606,11.5533063,3,0.1457302398,IDOTRR
2699,11.83138647,11.80898988,3,-0.02239658891,Sawyer
2700,11.91839724,12.0328707,3,0.1144734557,Sawyer
2702,11.77529742,11.7754147,3,0.0001172800565,ClearCr
2704,11.28979441,11.3423435,3,0.05254908745,SWISU
2705,11.96400745,11.96418011,3,0.0001726520247,SWISU
2706,11.90497431,11.86342908,3,-0.04154523287,Sawyer
2707,11.40757606,11.60233477,3,0.1947587072,Sawyer
2709,11.94211361,11.92701221,3,-0.01510139517,Sawyer
2711,11.79056478,11.81853294,3,0.02796816463,Sawyer
2712,11.8671043,11.81027025,3,-0.05683404585,Sawyer
2713,11.97035664,11.85591357,3,-0.1144430689,Sawyer
2714,11.91505836,11.96331479,3,0.04825643097,Sawyer
2716,12.10071769,12.06884261,3,-0.03187508012,Sawyer
2717,11.98605545,11.97878752,3,-0.007267930932,Sawyer
2718,11.96081768,11.90834316,3,-0.05247451995,Sawyer
2720,12.05815831,12.12017018,3,0.06201186764,Sawyer
2721,11.95118685,11.9462615,3,-0.00492534842,Sawyer
2723,11.56172515,11.50186362,3,-0.0598615316,Sawyer
2724,11.88449592,11.79188066,3,-0.09261525837,Sawyer
2725,12.03172521,12.03187779,3,0.0001525777414,Sawyer
2726,12.53537999,12.41277837,3,-0.1226016214,ClearCr
2727,12.0076278,11.98111038,3,-0.02651741955,ClearCr
2728,12.32386013,12.305014,3,-0.01884612139,ClearCr
2729,11.77529742,11.81882121,3,0.0435237836,Sawyer
2731,11.90767335,12.0152219,3,0.1075485561,ClearCr
2733,11.89136875,11.82491786,3,-0.066450894,Edwards
2734,11.75979336,11.62017342,3,-0.1396199313,Edwards
2735,12.32386013,12.14535342,3,-0.1785067094,Edwards
2736,12.52442092,12.34111062,3,-0.183310299,Edwards
2737,12.36734505,12.18437805,3,-0.1829669958,Edwards
2739,12.11176746,12.10316374,3,-0.008603719459,Edwards
2740,11.81303746,11.85476896,3,0.04173149675,Edwards
2742,11.82701332,11.85965265,3,0.03263932977,Edwards
2743,11.91773036,11.82913303,3,-0.08859732077,Edwards
2744,11.72400453,11.74551034,3,0.02150581013,Edwards
2745,11.44036552,11.50575698,3,0.06539145178,Edwards
2746,11.42410518,11.53125952,3,0.1071543375,Edwards
2747,12.10071769,12.10789867,3,0.007180987862,SawyerW
2748,12.25009432,12.37442343,3,0.1243291167,SawyerW
2749,12.27839796,12.30044141,3,0.02204344774,SawyerW
2751,12.344969,12.33615238,3,-0.008816614529,CollgCr
2752,12.1205202,12.1374694,3,0.01694919721,CollgCr
2753,12.17561859,12.19632724,3,0.02070864605,CollgCr
2754,12.17499469,12.17013644,3,-0.004858253882,CollgCr
2757,12.38756052,12.41036825,3,0.02280772974,CollgCr
2761,12.25343799,12.2799772,3,0.02653921197,CollgCr
2763,12.10625784,12.17346857,3,0.06721073591,CollgCr
2765,12.15478461,12.07420536,3,-0.08057925776,ClearCr
2767,12.54254845,12.41608433,3,-0.1264641205,ClearCr
2768,11.97603665,12.07199613,3,0.0959594817,ClearCr
2769,11.90497431,11.83479784,3,-0.0701764675,CollgCr
2771,12.13886924,12.087341,3,-0.05152824482,CollgCr
2772,12.17045065,12.18719911,3,0.01674846191,CollgCr
2773,11.9576177,11.89996413,3,-0.05765356154,CollgCr
2774,12.36734505,12.34974882,3,-0.01759622786,CollgCr
2775,12.28765724,12.22869876,3,-0.05895848248,CollgCr
2776,12.27373597,12.31082927,3,0.03709330009,CollgCr
2777,12.18587504,12.22024158,3,0.03436653791,CollgCr
2778,12.28765724,12.34312594,3,0.0554687013,CollgCr
2779,12.20607765,12.31068913,3,0.1046114886,CollgCr
2780,12.16785663,12.25578846,3,0.08793183296,CollgCr
2781,12.23077014,12.31186192,3,0.08109177891,CollgCr
2783,11.96718709,11.90599864,3,-0.06118844796,CollgCr
2786,11.76369197,11.71286867,3,-0.05082329382,CollgCr
2787,11.91773036,11.81802502,3,-0.09970533962,CollgCr
2788,11.69442168,11.70876176,3,0.01434007735,CollgCr
2789,11.8277435,11.87993746,3,0.05219395464,Landmrk
2790,12.44902275,12.45894147,3,0.009918727684,CollgCr
2791,12.31043717,12.25281244,3,-0.05762472441,CollgCr
2792,12.27373597,12.1939425,3,-0.07979346874,CollgCr
2794,12.52453001,12.49226313,3,-0.03226688348,CollgCr
2795,12.19096408,12.22515824,3,0.03419415616,CollgCr
2796,12.34583894,12.4037745,3,0.05793556898,CollgCr
2797,12.50060992,12.55172025,3,0.0511103363,CollgCr
2798,12.25914411,12.32286672,3,0.06372261563,CollgCr
2800,12.37581964,12.37238383,3,-0.003435806859,CollgCr
2801,12.52198132,12.43665888,3,-0.08532243813,CollgCr
2803,11.79811193,11.86006536,3,0.06195343425,CollgCr
2805,12.35978466,12.42037553,3,0.06059087592,CollgCr
2806,12.2404789,12.22596632,3,-0.01451258519,CollgCr
2807,12.18075997,12.25151713,3,0.07075716146,CollgCr
2808,12.20607765,12.26547851,3,0.0594008652,CollgCr
2809,12.22175405,12.20774687,3,-0.01400717396,CollgCr
2810,12.18485412,12.15331222,3,-0.03154189557,CollgCr
2811,12.26858255,12.29934714,3,0.03076459555,CollgCr
2812,12.1884228,12.19475604,3,0.006333237608,CollgCr
2813,12.19602736,12.20540549,3,0.009378129947,CollgCr
2814,12.06624145,12.05556911,3,-0.01067234166,CollgCr
2816,12.01364621,12.17808867,3,0.1644424666,CollgCr
2819,11.5327379,11.66966166,3,0.1369237605,Edwards
2820,11.75587949,11.82406331,3,0.06818382796,Edwards
2821,11.75587949,11.79378526,3,0.03790577209,Edwards
2822,11.69442168,11.82429076,3,0.1298690769,Edwards
2823,12.1884228,12.18274974,3,-0.005673061753,Edwards
2824,11.67207222,11.78814172,3,0.1160695055,Edwards
2825,12.34148165,12.44204752,3,0.1005658673,Edwards
2826,11.88449592,11.81338838,3,-0.0711075417,Edwards
2828,11.8671043,11.84948448,3,-0.01761981416,Edwards
2829,11.80560254,11.8954321,3,0.08982955752,Edwards
2830,11.77529742,11.89996776,3,0.1246703381,Edwards
2832,11.83138647,11.88849503,3,0.05710855772,Edwards
2836,11.58059346,11.57660483,3,-0.003988630304,Edwards
2837,11.30221678,11.30006175,3,-0.002155032322,Edwards
2838,11.56077233,11.75451147,3,0.1937391408,Edwards
2839,11.6526961,11.6773487,3,0.02465259444,Edwards
2840,11.73607702,11.79396256,3,0.05788554391,Edwards
2841,11.66135409,11.67115882,3,0.009804726185,Edwards
2842,11.32660793,11.39261262,3,0.06600468213,Edwards
2843,11.68267668,11.71060717,3,0.02793049307,SWISU
2844,10.46313191,10.85233863,3,0.3892067192,Edwards
2845,11.70355409,11.49863705,3,-0.204917035,Edwards
2846,11.98293534,11.81481655,3,-0.1681187955,SWISU
2848,11.8277435,11.82266603,3,-0.00507747303,SWISU
2849,11.75979336,11.73297328,3,-0.02682007982,SWISU
2850,11.98293534,12.03768543,3,0.05475008768,SWISU
2851,11.84142313,11.81801659,3,-0.02340653982,Crawfor
2854,12.02575508,12.10833003,3,0.08257494789,Crawfor
2855,12.20657752,12.04441403,3,-0.1621634891,Crawfor
2856,11.78296024,11.86440431,3,0.08144407743,SWISU
2857,11.62626308,11.55933297,3,-0.06693010754,SWISU
2858,11.84940484,12.12309194,3,0.273687091,Crawfor
2859,12.18075997,11.88451676,3,-0.2962432053,Crawfor
2860,12.34583894,12.22267407,3,-0.1231648642,Crawfor
2861,12.17561859,12.07704698,3,-0.09857161275,Crawfor
2862,11.83138647,11.57686216,3,-0.2545243071,Crawfor
2863,12.4292202,12.41280664,3,-0.01641355981,Crawfor
2864,12.29225493,12.1589594,3,-0.1332955311,Crawfor
2865,12.38422302,12.33789874,3,-0.04632427162,Crawfor
2866,12.20357453,12.20557429,3,0.001999761569,Crawfor
2867,12.25486757,12.1520643,3,-0.1028032742,Crawfor
2868,12.34583894,12.29750197,3,-0.04833696568,Crawfor
2869,12.28995873,12.24471485,3,-0.04524387436,Crawfor
2870,12.45683525,12.33822574,3,-0.1186095117,Crawfor
2871,11.96400745,11.96376596,3,-0.0002414902343,Crawfor
2872,12.31493153,12.35153917,3,0.03660764004,Crawfor
2873,11.5327379,11.47397405,3,-0.05876384676,IDOTRR
2875,11.18443529,10.92754837,3,-0.2568869212,IDOTRR
2876,11.3504183,11.2622087,3,-0.08820959745,IDOTRR
2878,11.84223641,11.87009766,3,0.02786125081,IDOTRR
2879,11.58989577,11.57244358,3,-0.01745218975,IDOTRR
2880,10.85301962,10.8586593,3,0.005639683023,IDOTRR
2881,10.47197813,10.88688486,3,0.4149067334,IDOTRR
2882,11.6526961,11.40552232,3,-0.2471737854,IDOTRR
2883,11.26447693,10.95084083,3,-0.3136360996,IDOTRR
2884,12.83468397,12.7248268,3,-0.1098571749,Crawfor
2886,12.39876111,12.26041063,3,-0.1383504836,Mitchel
2887,11.88449592,11.88193308,3,-0.002562834773,Mitchel
2889,11.81303746,11.88619495,3,0.07315748455,Mitchel
2891,12.04942468,12.18872578,3,0.1393010972,Mitchel
2892,12.7218888,12.62473654,3,-0.0971522542,Timber
2893,12.34583894,11.88499869,3,-0.4608402456,GrnHill
2894,12.43227152,12.26963974,3,-0.1626317857,Timber
2897,12.10071769,12.17881251,3,0.07809482748,Timber
2898,12.4292202,12.36711833,3,-0.06210187053,Timber
2899,12.21602793,12.19139296,3,-0.02463496539,Timber
2900,12.65236295,12.67088799,3,0.01852504635,Timber
2901,12.6760794,12.70440305,3,0.02832364792,Timber
2902,12.82099068,12.74951388,3,-0.07147680353,Timber
2905,12.27839796,12.19143319,3,-0.08696476692,Mitchel
2907,11.94146236,12.06177756,3,0.1203151946,Mitchel
2908,11.34451865,11.84741977,3,0.5029011209,Mitchel
2909,11.55695192,11.6186737,3,0.06172177718,MeadowV
2910,11.75195024,11.77799898,3,0.02604873942,MeadowV
2912,11.74800549,11.77641417,3,0.02840868257,Mitchel
2913,11.89478753,11.85890144,3,-0.03588609186,Mitchel
2914,11.19822842,11.27496855,3,0.07674013059,MeadowV
2915,11.28226624,11.26442574,3,-0.01784050304,MeadowV
2917,11.42955473,11.43495111,3,0.005396385599,MeadowV
2918,11.37997676,11.32150718,3,-0.05846958244,MeadowV
2920,11.41311618,11.32038528,3,-0.09273089481,MeadowV
2921,11.17044924,11.36899643,3,0.1985471881,MeadowV
2922,11.92437927,12.02989684,3,0.1055175705,Mitchel
2923,12.14420256,11.96109956,3,-0.1831030028,Mitchel
2924,11.98293534,11.98614068,3,0.003205340172,Mitchel
2925,11.78296024,12.09399421,3,0.3110339767,Mitchel
2926,11.8671043,11.88544094,3,0.01833664107,Mitchel
2927,11.78296024,11.78080644,3,-0.002153793066,Mitchel
2928,11.79056478,11.7038675,3,-0.08669727517,Mitchel
2929,12.0435596,12.0307611,3,-0.01279850304,Mitchel
2930,12.14420256,12.32338586,3,0.1791833036,Mitchel
